user_id,username,token
1100010,perf_login_000002,eyJhbGciOiJIUzI1NiIsInR5cCI6IkpXVCJ9.eyJhY2Nlc3NfdG9rZW5fZmllbGQiOjExMDAwMTAsImV4cCI6MTc3OTE5MjQyNCwib3JpZ19pYXQiOjE3NzkxMDYwMjR9.0RJUxa51bMZgcaOrPIlY-ZhtfkV1OZXrQOEqcjYioJw
1100012,perf_login_000004,eyJhbGciOiJIUzI1NiIsInR5cCI6IkpXVCJ9.eyJhY2Nlc3NfdG9rZW5fZmllbGQiOjExMDAwMTIsImV4cCI6MTc3OTE5MjQyNCwib3JpZ19pYXQiOjE3NzkxMDYwMjR9.67-3Y7L0qcTWmfklusM1rCrDjtECWzZGmsxgCGml1W0
1100026,perf_login_000003,eyJhbGciOiJIUzI1NiIsInR5cCI6IkpXVCJ9.eyJhY2Nlc3NfdG9rZW5fZmllbGQiOjExMDAwMjYsImV4cCI6MTc3OTE5MjQyNCwib3JpZ19pYXQiOjE3NzkxMDYwMjR9.XYuWyEpxZZ2q5lCbHRFHilyDJ6W7_fXqlh6iEcsLxKw
1100008,perf_login_000006,eyJhbGciOiJIUzI1NiIsInR5cCI6IkpXVCJ9.eyJhY2Nlc3NfdG9rZW5fZmllbGQiOjExMDAwMDgsImV4cCI6MTc3OTE5MjQyNCwib3JpZ19pYXQiOjE3NzkxMDYwMjR9.TNVkpySnSMykt9Qhlg7KW9T0zH95F82pPTD8G3Q_xb0
1100003,perf_login_000005,eyJhbGciOiJIUzI1NiIsInR5cCI6IkpXVCJ9.eyJhY2Nlc3NfdG9rZW5fZmllbGQiOjExMDAwMDMsImV4cCI6MTc3OTE5MjQyNCwib3JpZ19pYXQiOjE3NzkxMDYwMjR9.3vkvOb7RVC_UdimGFNB88WAmMpt3k-W9ZyCVe96KVDU
1100028,perf_login_000007,eyJhbGciOiJIUzI1NiIsInR5cCI6IkpXVCJ9.eyJhY2Nlc3NfdG9rZW5fZmllbGQiOjExMDAwMjgsImV4cCI6MTc3OTE5MjQyNCwib3JpZ19pYXQiOjE3NzkxMDYwMjR9.nDczw9AkHBqqBZxurHWaf_oYJa28aLLf5_eKxbLXO74
1100000,perf_login_000000,eyJhbGciOiJIUzI1NiIsInR5cCI6IkpXVCJ9.eyJhY2Nlc3NfdG9rZW5fZmllbGQiOjExMDAwMDAsImV4cCI6MTc3OTE5MjQyNCwib3JpZ19pYXQiOjE3NzkxMDYwMjR9.9o9afJNxcYc41Mfb96t_fxE4yhQY3rMtu1UO8v8Np4Q
1100020,perf_login_000001,eyJhbGciOiJIUzI1NiIsInR5cCI6IkpXVCJ9.eyJhY2Nlc3NfdG9rZW5fZmllbGQiOjExMDAwMjAsImV4cCI6MTc3OTE5MjQyNCwib3JpZ19pYXQiOjE3NzkxMDYwMjR9.qg2LCnjloEUyCzy4MIXIW2-VoHlrvSjc8UPPlV54osU
1100004,perf_login_000010,eyJhbGciOiJIUzI1NiIsInR5cCI6IkpXVCJ9.eyJhY2Nlc3NfdG9rZW5fZmllbGQiOjExMDAwMDQsImV4cCI6MTc3OTE5MjQyNCwib3JpZ19pYXQiOjE3NzkxMDYwMjR9.D6F5olE-nZElR6nEyDmPY1tLTl2rWNMu_F05HFFpXxs
1100019,perf_login_000015,eyJhbGciOiJIUzI1NiIsInR5cCI6IkpXVCJ9.eyJhY2Nlc3NfdG9rZW5fZmllbGQiOjExMDAwMTksImV4cCI6MTc3OTE5MjQyNCwib3JpZ19pYXQiOjE3NzkxMDYwMjR9.EMHmJqTE4m8QbsY5NWDJgLzFBu_kuc3YuxUuGe53Jew
1100031,perf_login_000014,eyJhbGciOiJIUzI1NiIsInR5cCI6IkpXVCJ9.eyJhY2Nlc3NfdG9rZW5fZmllbGQiOjExMDAwMzEsImV4cCI6MTc3OTE5MjQyNCwib3JpZ19pYXQiOjE3NzkxMDYwMjR9.6xgbml_ekp8XypFn9bTiVLkNcnbkbiDXm7HqCTvudl8
1100025,perf_login_000011,eyJhbGciOiJIUzI1NiIsInR5cCI6IkpXVCJ9.eyJhY2Nlc3NfdG9rZW5fZmllbGQiOjExMDAwMjUsImV4cCI6MTc3OTE5MjQyNCwib3JpZ19pYXQiOjE3NzkxMDYwMjR9.ZmFcZ8p_T3Ipi3x8TMMa_3RayCZd8IIVoHnljcMokig
1100005,perf_login_000013,eyJhbGciOiJIUzI1NiIsInR5cCI6IkpXVCJ9.eyJhY2Nlc3NfdG9rZW5fZmllbGQiOjExMDAwMDUsImV4cCI6MTc3OTE5MjQyNCwib3JpZ19pYXQiOjE3NzkxMDYwMjR9.3z1vUXeauKEfxDd1h4IxuuI4-KaZ_d2uYXGksoCNy04
1100011,perf_login_000012,eyJhbGciOiJIUzI1NiIsInR5cCI6IkpXVCJ9.eyJhY2Nlc3NfdG9rZW5fZmllbGQiOjExMDAwMTEsImV4cCI6MTc3OTE5MjQyNCwib3JpZ19pYXQiOjE3NzkxMDYwMjR9.zkPr8_WsYmEQo2Eq2BLtEwrcW37HV2TZW8W8EFsLho4
1100007,perf_login_000009,eyJhbGciOiJIUzI1NiIsInR5cCI6IkpXVCJ9.eyJhY2Nlc3NfdG9rZW5fZmllbGQiOjExMDAwMDcsImV4cCI6MTc3OTE5MjQyNCwib3JpZ19pYXQiOjE3NzkxMDYwMjR9.pkQvx3iOcSZzRWwC9Z-GdH5MJDRCBA2JZkYmBr3Lj0A
1100013,perf_login_000008,eyJhbGciOiJIUzI1NiIsInR5cCI6IkpXVCJ9.eyJhY2Nlc3NfdG9rZW5fZmllbGQiOjExMDAwMTMsImV4cCI6MTc3OTE5MjQyNCwib3JpZ19pYXQiOjE3NzkxMDYwMjR9.jG8l7D-nY45NeqcojxIcqQ10VGJBa8V1raxX7Nhj6r0
1100002,perf_login_000023,eyJhbGciOiJIUzI1NiIsInR5cCI6IkpXVCJ9.eyJhY2Nlc3NfdG9rZW5fZmllbGQiOjExMDAwMDIsImV4cCI6MTc3OTE5MjQyNCwib3JpZ19pYXQiOjE3NzkxMDYwMjR9.tF7h3om9Ncl_2-Y7v79uWjqTL71Xd14-uw6rk4diFv8
1100009,perf_login_000017,eyJhbGciOiJIUzI1NiIsInR5cCI6IkpXVCJ9.eyJhY2Nlc3NfdG9rZW5fZmllbGQiOjExMDAwMDksImV4cCI6MTc3OTE5MjQyNCwib3JpZ19pYXQiOjE3NzkxMDYwMjR9.ETIstoBWqw7MddWtIy81iovh_MFdng5tLOAvktROa0E
1100016,perf_login_000022,eyJhbGciOiJIUzI1NiIsInR5cCI6IkpXVCJ9.eyJhY2Nlc3NfdG9rZW5fZmllbGQiOjExMDAwMTYsImV4cCI6MTc3OTE5MjQyNCwib3JpZ19pYXQiOjE3NzkxMDYwMjR9.WmYVWPQvadxqmS3WAv-tODPZ2_mpNoQ6hnGTsvYeyQw
1100030,perf_login_000019,eyJhbGciOiJIUzI1NiIsInR5cCI6IkpXVCJ9.eyJhY2Nlc3NfdG9rZW5fZmllbGQiOjExMDAwMzAsImV4cCI6MTc3OTE5MjQyNCwib3JpZ19pYXQiOjE3NzkxMDYwMjR9.YM9G40lIlRdQsn4yDYhjfmw3ZgdkltXW3b160z4cUp4
1100029,perf_login_000018,eyJhbGciOiJIUzI1NiIsInR5cCI6IkpXVCJ9.eyJhY2Nlc3NfdG9rZW5fZmllbGQiOjExMDAwMjksImV4cCI6MTc3OTE5MjQyNCwib3JpZ19pYXQiOjE3NzkxMDYwMjR9.GmBrSayx0zQ0iVqD0u4U8ngQUl4GQvvA7WYejQJ23Lc
1100022,perf_login_000021,eyJhbGciOiJIUzI1NiIsInR5cCI6IkpXVCJ9.eyJhY2Nlc3NfdG9rZW5fZmllbGQiOjExMDAwMjIsImV4cCI6MTc3OTE5MjQyNCwib3JpZ19pYXQiOjE3NzkxMDYwMjR9.S3DMvnxY7cfv0yapIPj7cmw_c6hQmyxqBGwxUH0DsKA
1100023,perf_login_000029,eyJhbGciOiJIUzI1NiIsInR5cCI6IkpXVCJ9.eyJhY2Nlc3NfdG9rZW5fZmllbGQiOjExMDAwMjMsImV4cCI6MTc3OTE5MjQyNSwib3JpZ19pYXQiOjE3NzkxMDYwMjV9.aJcozkJyC4h8EGrIpwJcPjpVCALPy-iy6rMBa27-TxM
1100021,perf_login_000026,eyJhbGciOiJIUzI1NiIsInR5cCI6IkpXVCJ9.eyJhY2Nlc3NfdG9rZW5fZmllbGQiOjExMDAwMjEsImV4cCI6MTc3OTE5MjQyNSwib3JpZ19pYXQiOjE3NzkxMDYwMjV9.F7oQc_qQV7wvyDqpXrX01MaAxBP4aGCw1eswui6PBqM
1100017,perf_login_000028,eyJhbGciOiJIUzI1NiIsInR5cCI6IkpXVCJ9.eyJhY2Nlc3NfdG9rZW5fZmllbGQiOjExMDAwMTcsImV4cCI6MTc3OTE5MjQyNSwib3JpZ19pYXQiOjE3NzkxMDYwMjV9.VqCRIlAdfHS3RG8kI-PU-Xxm1NEEc_15eHVXOYjbpp4
1100015,perf_login_000030,eyJhbGciOiJIUzI1NiIsInR5cCI6IkpXVCJ9.eyJhY2Nlc3NfdG9rZW5fZmllbGQiOjExMDAwMTUsImV4cCI6MTc3OTE5MjQyNSwib3JpZ19pYXQiOjE3NzkxMDYwMjV9.AkyMhWXDduDSK6UWMNtOyIa5Wu3J0Q46Ftw6z6rIOmo
1100027,perf_login_000024,eyJhbGciOiJIUzI1NiIsInR5cCI6IkpXVCJ9.eyJhY2Nlc3NfdG9rZW5fZmllbGQiOjExMDAwMjcsImV4cCI6MTc3OTE5MjQyNSwib3JpZ19pYXQiOjE3NzkxMDYwMjV9.PCJOvYmoJJZvMwGVJnLVRY-xNnryPnnO19dzJFN7jaQ
1100001,perf_login_000027,eyJhbGciOiJIUzI1NiIsInR5cCI6IkpXVCJ9.eyJhY2Nlc3NfdG9rZW5fZmllbGQiOjExMDAwMDEsImV4cCI6MTc3OTE5MjQyNSwib3JpZ19pYXQiOjE3NzkxMDYwMjV9.tLqGddEutac-6wZ7tdqk8z40Gzeff5-uxg9KsA0cky0
1100018,perf_login_000025,eyJhbGciOiJIUzI1NiIsInR5cCI6IkpXVCJ9.eyJhY2Nlc3NfdG9rZW5fZmllbGQiOjExMDAwMTgsImV4cCI6MTc3OTE5MjQyNSwib3JpZ19pYXQiOjE3NzkxMDYwMjV9.vtTkt1xUSwhsDL_oiM3Kvn7IcSs0uD-FE8DYBBDnQmA
1100014,perf_login_000031,eyJhbGciOiJIUzI1NiIsInR5cCI6IkpXVCJ9.eyJhY2Nlc3NfdG9rZW5fZmllbGQiOjExMDAwMTQsImV4cCI6MTc3OTE5MjQyNSwib3JpZ19pYXQiOjE3NzkxMDYwMjV9.i6o5EPx-wWGdxRwKGqEoHGJSs0FXGdlBqScuhZyuPWA
1100033,perf_login_000032,eyJhbGciOiJIUzI1NiIsInR5cCI6IkpXVCJ9.eyJhY2Nlc3NfdG9rZW5fZmllbGQiOjExMDAwMzMsImV4cCI6MTc3OTE5MjQyNSwib3JpZ19pYXQiOjE3NzkxMDYwMjV9.L54DwpVPfQjWbSac8ekJ1w2KoaNDZ4x0PaiBBPYyoOM
1100038,perf_login_000039,eyJhbGciOiJIUzI1NiIsInR5cCI6IkpXVCJ9.eyJhY2Nlc3NfdG9rZW5fZmllbGQiOjExMDAwMzgsImV4cCI6MTc3OTE5MjQyNSwib3JpZ19pYXQiOjE3NzkxMDYwMjV9.OWc2ZN2HYU_2Wx4eTsRnlVTpkUUobPs1dIksWtuVhUk
1100034,perf_login_000035,eyJhbGciOiJIUzI1NiIsInR5cCI6IkpXVCJ9.eyJhY2Nlc3NfdG9rZW5fZmllbGQiOjExMDAwMzQsImV4cCI6MTc3OTE5MjQyNSwib3JpZ19pYXQiOjE3NzkxMDYwMjV9.3iUyWkFkOFit4qLKUsEjQ8Q3SX2K6uqE8T00JD8rctQ
1100036,perf_login_000036,eyJhbGciOiJIUzI1NiIsInR5cCI6IkpXVCJ9.eyJhY2Nlc3NfdG9rZW5fZmllbGQiOjExMDAwMzYsImV4cCI6MTc3OTE5MjQyNSwib3JpZ19pYXQiOjE3NzkxMDYwMjV9.RS9-0nEU4p6MlUz-0XOeChcLkOx01jrcgH0SnLDjvs0
1100041,perf_login_000037,eyJhbGciOiJIUzI1NiIsInR5cCI6IkpXVCJ9.eyJhY2Nlc3NfdG9rZW5fZmllbGQiOjExMDAwNDEsImV4cCI6MTc3OTE5MjQyNSwib3JpZ19pYXQiOjE3NzkxMDYwMjV9.M2IYuHR0LG5zdMhM4UPCQeZqoFFMIuMWkbv6e1kYjTw
1100037,perf_login_000038,eyJhbGciOiJIUzI1NiIsInR5cCI6IkpXVCJ9.eyJhY2Nlc3NfdG9rZW5fZmllbGQiOjExMDAwMzcsImV4cCI6MTc3OTE5MjQyNSwib3JpZ19pYXQiOjE3NzkxMDYwMjV9.46oCTZaHmREx2hmjmMxy2pAsV8JPAO5Ts-UEnBRPd4M
1100035,perf_login_000033,eyJhbGciOiJIUzI1NiIsInR5cCI6IkpXVCJ9.eyJhY2Nlc3NfdG9rZW5fZmllbGQiOjExMDAwMzUsImV4cCI6MTc3OTE5MjQyNSwib3JpZ19pYXQiOjE3NzkxMDYwMjV9.qU5EVSYO-hTsH-NzLXIuzxPre9CQiBjVxbsKClmJ--g
1100032,perf_login_000034,eyJhbGciOiJIUzI1NiIsInR5cCI6IkpXVCJ9.eyJhY2Nlc3NfdG9rZW5fZmllbGQiOjExMDAwMzIsImV4cCI6MTc3OTE5MjQyNSwib3JpZ19pYXQiOjE3NzkxMDYwMjV9.HAcTXPzkGBQLgWKZvdRm9yywLsWuLrIN7RxlJ-xjy-M
1100043,perf_login_000044,eyJhbGciOiJIUzI1NiIsInR5cCI6IkpXVCJ9.eyJhY2Nlc3NfdG9rZW5fZmllbGQiOjExMDAwNDMsImV4cCI6MTc3OTE5MjQyNSwib3JpZ19pYXQiOjE3NzkxMDYwMjV9.LvE_tedhqiwB4E2D2obCL22OzxhznwAuq40BVxWTkp4
1100044,perf_login_000045,eyJhbGciOiJIUzI1NiIsInR5cCI6IkpXVCJ9.eyJhY2Nlc3NfdG9rZW5fZmllbGQiOjExMDAwNDQsImV4cCI6MTc3OTE5MjQyNSwib3JpZ19pYXQiOjE3NzkxMDYwMjV9.FiDIrswBFSml_wAJcuKhP0a3XpPdXd3s7TAK1We_97Y
1100039,perf_login_000040,eyJhbGciOiJIUzI1NiIsInR5cCI6IkpXVCJ9.eyJhY2Nlc3NfdG9rZW5fZmllbGQiOjExMDAwMzksImV4cCI6MTc3OTE5MjQyNSwib3JpZ19pYXQiOjE3NzkxMDYwMjV9.bvDT6m6pmX0OemC82vOA4tji3sjUirqjoeSHt_6D93o
1100042,perf_login_000042,eyJhbGciOiJIUzI1NiIsInR5cCI6IkpXVCJ9.eyJhY2Nlc3NfdG9rZW5fZmllbGQiOjExMDAwNDIsImV4cCI6MTc3OTE5MjQyNSwib3JpZ19pYXQiOjE3NzkxMDYwMjV9.8576Z6IcvOVAOCjQXIUO0JTTFlGnvr8srWjiMNatXLI
1100048,perf_login_000047,eyJhbGciOiJIUzI1NiIsInR5cCI6IkpXVCJ9.eyJhY2Nlc3NfdG9rZW5fZmllbGQiOjExMDAwNDgsImV4cCI6MTc3OTE5MjQyNSwib3JpZ19pYXQiOjE3NzkxMDYwMjV9._Tp-XS_sn1HU4TndjUHrbBqxoGAJjcATfPeo8CUeJIU
1100045,perf_login_000043,eyJhbGciOiJIUzI1NiIsInR5cCI6IkpXVCJ9.eyJhY2Nlc3NfdG9rZW5fZmllbGQiOjExMDAwNDUsImV4cCI6MTc3OTE5MjQyNSwib3JpZ19pYXQiOjE3NzkxMDYwMjV9.xIZXDbXNdOq4Ooe8RtEyTO2shlboElcKDRd0rap7ih0
1100046,perf_login_000046,eyJhbGciOiJIUzI1NiIsInR5cCI6IkpXVCJ9.eyJhY2Nlc3NfdG9rZW5fZmllbGQiOjExMDAwNDYsImV4cCI6MTc3OTE5MjQyNSwib3JpZ19pYXQiOjE3NzkxMDYwMjV9.FyTxim4lXLWy9HqGKJRpgm4YTU7308UjtZS0HvdyOww
1100040,perf_login_000041,eyJhbGciOiJIUzI1NiIsInR5cCI6IkpXVCJ9.eyJhY2Nlc3NfdG9rZW5fZmllbGQiOjExMDAwNDAsImV4cCI6MTc3OTE5MjQyNSwib3JpZ19pYXQiOjE3NzkxMDYwMjV9.-XNAF-vF6pssEZJEPE6FNQqG7BDv1M4FxGp-UOHS_Ks
1100049,perf_login_000049,eyJhbGciOiJIUzI1NiIsInR5cCI6IkpXVCJ9.eyJhY2Nlc3NfdG9rZW5fZmllbGQiOjExMDAwNDksImV4cCI6MTc3OTE5MjQyNSwib3JpZ19pYXQiOjE3NzkxMDYwMjV9.zQQKWGVY1dx_ANEnBXp1PgqJEDsJPX4ZsaQB5ZyWU20
1100050,perf_login_000051,eyJhbGciOiJIUzI1NiIsInR5cCI6IkpXVCJ9.eyJhY2Nlc3NfdG9rZW5fZmllbGQiOjExMDAwNTAsImV4cCI6MTc3OTE5MjQyNSwib3JpZ19pYXQiOjE3NzkxMDYwMjV9.wmqmCHLtGNDxBkK1krm_vpQLZhAKaOvvgtKNhHttRQY
1100055,perf_login_000050,eyJhbGciOiJIUzI1NiIsInR5cCI6IkpXVCJ9.eyJhY2Nlc3NfdG9rZW5fZmllbGQiOjExMDAwNTUsImV4cCI6MTc3OTE5MjQyNSwib3JpZ19pYXQiOjE3NzkxMDYwMjV9.aRmffFxEdJfIaQpAnYuqespfMf3WMPhvLnmcm2Ez0Fg
1100047,perf_login_000048,eyJhbGciOiJIUzI1NiIsInR5cCI6IkpXVCJ9.eyJhY2Nlc3NfdG9rZW5fZmllbGQiOjExMDAwNDcsImV4cCI6MTc3OTE5MjQyNSwib3JpZ19pYXQiOjE3NzkxMDYwMjV9.MFarjbRLfsA-Ca_qdxEjtTZY_4pvHS0QFY5GQLZmVtU
1100053,perf_login_000053,eyJhbGciOiJIUzI1NiIsInR5cCI6IkpXVCJ9.eyJhY2Nlc3NfdG9rZW5fZmllbGQiOjExMDAwNTMsImV4cCI6MTc3OTE5MjQyNSwib3JpZ19pYXQiOjE3NzkxMDYwMjV9.LdbMo6cKd8AeYCJ0WXFXaqMMpQfHHE7RD_r-e8GdP_o
1100052,perf_login_000054,eyJhbGciOiJIUzI1NiIsInR5cCI6IkpXVCJ9.eyJhY2Nlc3NfdG9rZW5fZmllbGQiOjExMDAwNTIsImV4cCI6MTc3OTE5MjQyNSwib3JpZ19pYXQiOjE3NzkxMDYwMjV9.r-2U9S9vdYW1gWApJQo6vYp8Jnz7X7pzeaO3v2-bJ4k
1100054,perf_login_000055,eyJhbGciOiJIUzI1NiIsInR5cCI6IkpXVCJ9.eyJhY2Nlc3NfdG9rZW5fZmllbGQiOjExMDAwNTQsImV4cCI6MTc3OTE5MjQyNSwib3JpZ19pYXQiOjE3NzkxMDYwMjV9.Us6zAJQiAMfnxt-PwSaL92WGCaSwDz55fKDUQrWOqXw
1100051,perf_login_000052,eyJhbGciOiJIUzI1NiIsInR5cCI6IkpXVCJ9.eyJhY2Nlc3NfdG9rZW5fZmllbGQiOjExMDAwNTEsImV4cCI6MTc3OTE5MjQyNSwib3JpZ19pYXQiOjE3NzkxMDYwMjV9.Eaa1pNriHf0eUcAcqFaZ5VxROFCbVdrlzf20zffU8Ds
1100062,perf_login_000062,eyJhbGciOiJIUzI1NiIsInR5cCI6IkpXVCJ9.eyJhY2Nlc3NfdG9rZW5fZmllbGQiOjExMDAwNjIsImV4cCI6MTc3OTE5MjQyNSwib3JpZ19pYXQiOjE3NzkxMDYwMjV9.QDgQFNMm2zUaMP8xR4McNksrEj8zusuXnk1YF_8DvEA
1100060,perf_login_000060,eyJhbGciOiJIUzI1NiIsInR5cCI6IkpXVCJ9.eyJhY2Nlc3NfdG9rZW5fZmllbGQiOjExMDAwNjAsImV4cCI6MTc3OTE5MjQyNSwib3JpZ19pYXQiOjE3NzkxMDYwMjV9.4G7-h6i0mtb60LHdz4LJn66kd58On-DaMS053XvqHeY
1100059,perf_login_000061,eyJhbGciOiJIUzI1NiIsInR5cCI6IkpXVCJ9.eyJhY2Nlc3NfdG9rZW5fZmllbGQiOjExMDAwNTksImV4cCI6MTc3OTE5MjQyNSwib3JpZ19pYXQiOjE3NzkxMDYwMjV9.uQ6DXSEnkzVY4dV4PLYhIeBQuV8iNav3M96mwJdWkoc
1100056,perf_login_000056,eyJhbGciOiJIUzI1NiIsInR5cCI6IkpXVCJ9.eyJhY2Nlc3NfdG9rZW5fZmllbGQiOjExMDAwNTYsImV4cCI6MTc3OTE5MjQyNSwib3JpZ19pYXQiOjE3NzkxMDYwMjV9.E4oJNlYJLxip-sU3BaLvSBZ19eiAPoWuWJBanmshCD0
1100058,perf_login_000058,eyJhbGciOiJIUzI1NiIsInR5cCI6IkpXVCJ9.eyJhY2Nlc3NfdG9rZW5fZmllbGQiOjExMDAwNTgsImV4cCI6MTc3OTE5MjQyNSwib3JpZ19pYXQiOjE3NzkxMDYwMjV9.CFuTjMMS4uJchhkrMqAGCDH0ISN9yrRXNTWiIcv41QE
1100061,perf_login_000059,eyJhbGciOiJIUzI1NiIsInR5cCI6IkpXVCJ9.eyJhY2Nlc3NfdG9rZW5fZmllbGQiOjExMDAwNjEsImV4cCI6MTc3OTE5MjQyNSwib3JpZ19pYXQiOjE3NzkxMDYwMjV9.29ChLpG_VKoAgMoryBN8KzU6hl1QCp28cALyLBDNxlQ
1100057,perf_login_000057,eyJhbGciOiJIUzI1NiIsInR5cCI6IkpXVCJ9.eyJhY2Nlc3NfdG9rZW5fZmllbGQiOjExMDAwNTcsImV4cCI6MTc3OTE5MjQyNSwib3JpZ19pYXQiOjE3NzkxMDYwMjV9.EGM7HUhHAohka0Vt55kcWInyVkYkdPJIbentGE5QiGc
1100063,perf_login_000063,eyJhbGciOiJIUzI1NiIsInR5cCI6IkpXVCJ9.eyJhY2Nlc3NfdG9rZW5fZmllbGQiOjExMDAwNjMsImV4cCI6MTc3OTE5MjQyNSwib3JpZ19pYXQiOjE3NzkxMDYwMjV9.OTyCImuDaweiFnoEcKEogIYIkmCXchzi2pnlN9P_-b8
1100071,perf_login_000068,eyJhbGciOiJIUzI1NiIsInR5cCI6IkpXVCJ9.eyJhY2Nlc3NfdG9rZW5fZmllbGQiOjExMDAwNzEsImV4cCI6MTc3OTE5MjQyNSwib3JpZ19pYXQiOjE3NzkxMDYwMjV9.iJyOUij25UNHaIwlz0kKDPc3jn9s3gk0oC4SBjO2nWU
1100070,perf_login_000071,eyJhbGciOiJIUzI1NiIsInR5cCI6IkpXVCJ9.eyJhY2Nlc3NfdG9rZW5fZmllbGQiOjExMDAwNzAsImV4cCI6MTc3OTE5MjQyNSwib3JpZ19pYXQiOjE3NzkxMDYwMjV9.9EvgIRbQMKLRDZuDH6I4yvpCARWJ26LJOF31FnvbQVA
1100068,perf_login_000069,eyJhbGciOiJIUzI1NiIsInR5cCI6IkpXVCJ9.eyJhY2Nlc3NfdG9rZW5fZmllbGQiOjExMDAwNjgsImV4cCI6MTc3OTE5MjQyNSwib3JpZ19pYXQiOjE3NzkxMDYwMjV9.6Pa33VceVQPcDxd2ZHVYUwSUM5G3QGmM1zHQta4-2Mc
1100064,perf_login_000064,eyJhbGciOiJIUzI1NiIsInR5cCI6IkpXVCJ9.eyJhY2Nlc3NfdG9rZW5fZmllbGQiOjExMDAwNjQsImV4cCI6MTc3OTE5MjQyNSwib3JpZ19pYXQiOjE3NzkxMDYwMjV9.3rs-OyWt9KapLXC8LbK6uOPBMp71aN34usTYg0xQ2Mo
1100067,perf_login_000067,eyJhbGciOiJIUzI1NiIsInR5cCI6IkpXVCJ9.eyJhY2Nlc3NfdG9rZW5fZmllbGQiOjExMDAwNjcsImV4cCI6MTc3OTE5MjQyNSwib3JpZ19pYXQiOjE3NzkxMDYwMjV9.lqPuXoH7b_n9glMPCKrjjdsx9XeSEr7Jjlnh0y3A9RY
1100066,perf_login_000066,eyJhbGciOiJIUzI1NiIsInR5cCI6IkpXVCJ9.eyJhY2Nlc3NfdG9rZW5fZmllbGQiOjExMDAwNjYsImV4cCI6MTc3OTE5MjQyNSwib3JpZ19pYXQiOjE3NzkxMDYwMjV9.eCJs0E_oTnZZYtlALzotomcB58HiNDPsO2xEgvdc3wI
1100073,perf_login_000070,eyJhbGciOiJIUzI1NiIsInR5cCI6IkpXVCJ9.eyJhY2Nlc3NfdG9rZW5fZmllbGQiOjExMDAwNzMsImV4cCI6MTc3OTE5MjQyNSwib3JpZ19pYXQiOjE3NzkxMDYwMjV9.7PsEoMxdsIQYIVJxyHB-aSuHklixlJUGwNEVRmG7DiQ
1100065,perf_login_000065,eyJhbGciOiJIUzI1NiIsInR5cCI6IkpXVCJ9.eyJhY2Nlc3NfdG9rZW5fZmllbGQiOjExMDAwNjUsImV4cCI6MTc3OTE5MjQyNSwib3JpZ19pYXQiOjE3NzkxMDYwMjV9.UoapZF9dHeCvuBR-iTTZr4VvI5jhnKZAGVGMMYUfwv0
1100076,perf_login_000073,eyJhbGciOiJIUzI1NiIsInR5cCI6IkpXVCJ9.eyJhY2Nlc3NfdG9rZW5fZmllbGQiOjExMDAwNzYsImV4cCI6MTc3OTE5MjQyNiwib3JpZ19pYXQiOjE3NzkxMDYwMjZ9.dl8WiP3Jzakkf0IfGpQBrKFY1nU7fqT5joNYRVHdRXs
1100069,perf_login_000072,eyJhbGciOiJIUzI1NiIsInR5cCI6IkpXVCJ9.eyJhY2Nlc3NfdG9rZW5fZmllbGQiOjExMDAwNjksImV4cCI6MTc3OTE5MjQyNiwib3JpZ19pYXQiOjE3NzkxMDYwMjZ9.N12AGBZjyY4HC-mVyBLVFalqQ1IW7hD3Eg1wPnH4pqQ
1100072,perf_login_000075,eyJhbGciOiJIUzI1NiIsInR5cCI6IkpXVCJ9.eyJhY2Nlc3NfdG9rZW5fZmllbGQiOjExMDAwNzIsImV4cCI6MTc3OTE5MjQyNiwib3JpZ19pYXQiOjE3NzkxMDYwMjZ9.m1iKwGDF9u1RpMkU4wOlG9yOgZm92-GRTrt3R73O9Qc
1100082,perf_login_000080,eyJhbGciOiJIUzI1NiIsInR5cCI6IkpXVCJ9.eyJhY2Nlc3NfdG9rZW5fZmllbGQiOjExMDAwODIsImV4cCI6MTc3OTE5MjQyNiwib3JpZ19pYXQiOjE3NzkxMDYwMjZ9.RhOyYA3hJKs6OhvyvP6EJeAAHetbsBLjzWTj0xLb8xA
1100080,perf_login_000082,eyJhbGciOiJIUzI1NiIsInR5cCI6IkpXVCJ9.eyJhY2Nlc3NfdG9rZW5fZmllbGQiOjExMDAwODAsImV4cCI6MTc3OTE5MjQyNiwib3JpZ19pYXQiOjE3NzkxMDYwMjZ9.TLnOTs9V5oKbuDu_SvM9Ki07UMCROXqvWazMiCmbvvM
1100078,perf_login_000076,eyJhbGciOiJIUzI1NiIsInR5cCI6IkpXVCJ9.eyJhY2Nlc3NfdG9rZW5fZmllbGQiOjExMDAwNzgsImV4cCI6MTc3OTE5MjQyNiwib3JpZ19pYXQiOjE3NzkxMDYwMjZ9.pTTw1RVJ46-ghd2z0A8kDl0b-6uffTvg5-VopoRKtJw
1100077,perf_login_000074,eyJhbGciOiJIUzI1NiIsInR5cCI6IkpXVCJ9.eyJhY2Nlc3NfdG9rZW5fZmllbGQiOjExMDAwNzcsImV4cCI6MTc3OTE5MjQyNiwib3JpZ19pYXQiOjE3NzkxMDYwMjZ9.f84EEyXgAWisMPG7HSyrrw_QhKbOh9MgwiD-cm3sJ0E
1100081,perf_login_000078,eyJhbGciOiJIUzI1NiIsInR5cCI6IkpXVCJ9.eyJhY2Nlc3NfdG9rZW5fZmllbGQiOjExMDAwODEsImV4cCI6MTc3OTE5MjQyNiwib3JpZ19pYXQiOjE3NzkxMDYwMjZ9.odqZz0e---DheLxWDmTl3XSqrLVmWhmbeGReOUnCxmY
1100075,perf_login_000081,eyJhbGciOiJIUzI1NiIsInR5cCI6IkpXVCJ9.eyJhY2Nlc3NfdG9rZW5fZmllbGQiOjExMDAwNzUsImV4cCI6MTc3OTE5MjQyNiwib3JpZ19pYXQiOjE3NzkxMDYwMjZ9.BemW9mjQ_Cakgu2VB554nd_KMycOwIEPce5NhyzIdTE
1100074,perf_login_000077,eyJhbGciOiJIUzI1NiIsInR5cCI6IkpXVCJ9.eyJhY2Nlc3NfdG9rZW5fZmllbGQiOjExMDAwNzQsImV4cCI6MTc3OTE5MjQyNiwib3JpZ19pYXQiOjE3NzkxMDYwMjZ9.QPUZmjg7X0BR0PAvfb7BzHySt8h1lRvQoM_fxAZdT0g
1100079,perf_login_000079,eyJhbGciOiJIUzI1NiIsInR5cCI6IkpXVCJ9.eyJhY2Nlc3NfdG9rZW5fZmllbGQiOjExMDAwNzksImV4cCI6MTc3OTE5MjQyNiwib3JpZ19pYXQiOjE3NzkxMDYwMjZ9.jOJFEpKamJrpoDtKefSz9O_dZhq7m-KcGH3qodiekcc
1100084,perf_login_000084,eyJhbGciOiJIUzI1NiIsInR5cCI6IkpXVCJ9.eyJhY2Nlc3NfdG9rZW5fZmllbGQiOjExMDAwODQsImV4cCI6MTc3OTE5MjQyNiwib3JpZ19pYXQiOjE3NzkxMDYwMjZ9.zbQ--kopwMfOUEPSchHpDVx6k39U2qIjWeM6VKQthEU
1100083,perf_login_000085,eyJhbGciOiJIUzI1NiIsInR5cCI6IkpXVCJ9.eyJhY2Nlc3NfdG9rZW5fZmllbGQiOjExMDAwODMsImV4cCI6MTc3OTE5MjQyNiwib3JpZ19pYXQiOjE3NzkxMDYwMjZ9.XOVxpNwT-PmgXxOcRmo0YfYTWW58J0guGBowRNi46YA
1100087,perf_login_000087,eyJhbGciOiJIUzI1NiIsInR5cCI6IkpXVCJ9.eyJhY2Nlc3NfdG9rZW5fZmllbGQiOjExMDAwODcsImV4cCI6MTc3OTE5MjQyNiwib3JpZ19pYXQiOjE3NzkxMDYwMjZ9.mk7dogj8JRVIsIo4dFDTIYSnRCG9IJ07TDt1QVcojDI
1100085,perf_login_000086,eyJhbGciOiJIUzI1NiIsInR5cCI6IkpXVCJ9.eyJhY2Nlc3NfdG9rZW5fZmllbGQiOjExMDAwODUsImV4cCI6MTc3OTE5MjQyNiwib3JpZ19pYXQiOjE3NzkxMDYwMjZ9.x9u4KUVed9c9AXQToeZw3ESQOIHKbFMY2xIp3_-OBas
1100086,perf_login_000088,eyJhbGciOiJIUzI1NiIsInR5cCI6IkpXVCJ9.eyJhY2Nlc3NfdG9rZW5fZmllbGQiOjExMDAwODYsImV4cCI6MTc3OTE5MjQyNiwib3JpZ19pYXQiOjE3NzkxMDYwMjZ9.xPrAX86Nr2dlG7Ggm3lSU3cJVSfrWBHMyYw-bH8LtD8
1100091,perf_login_000090,eyJhbGciOiJIUzI1NiIsInR5cCI6IkpXVCJ9.eyJhY2Nlc3NfdG9rZW5fZmllbGQiOjExMDAwOTEsImV4cCI6MTc3OTE5MjQyNiwib3JpZ19pYXQiOjE3NzkxMDYwMjZ9.hV7e2nmiv_uWqw92Z6GyCgwmsLY1capnJJGHpSC9QRg
1100089,perf_login_000089,eyJhbGciOiJIUzI1NiIsInR5cCI6IkpXVCJ9.eyJhY2Nlc3NfdG9rZW5fZmllbGQiOjExMDAwODksImV4cCI6MTc3OTE5MjQyNiwib3JpZ19pYXQiOjE3NzkxMDYwMjZ9.-dk8tnqxC0isw_hVeaZAKdZDpcwRPrGDaLiBVxBGh6k
1100088,perf_login_000083,eyJhbGciOiJIUzI1NiIsInR5cCI6IkpXVCJ9.eyJhY2Nlc3NfdG9rZW5fZmllbGQiOjExMDAwODgsImV4cCI6MTc3OTE5MjQyNiwib3JpZ19pYXQiOjE3NzkxMDYwMjZ9.eE1NJYXWResxjziGl7HsRVKrNqtGawAzSQFaCuW8eD0
1100090,perf_login_000091,eyJhbGciOiJIUzI1NiIsInR5cCI6IkpXVCJ9.eyJhY2Nlc3NfdG9rZW5fZmllbGQiOjExMDAwOTAsImV4cCI6MTc3OTE5MjQyNiwib3JpZ19pYXQiOjE3NzkxMDYwMjZ9.Q54tluqIKKCYkFObKKBggLaeGds-BaCEVZRIjeKcLxc
1100092,perf_login_000092,eyJhbGciOiJIUzI1NiIsInR5cCI6IkpXVCJ9.eyJhY2Nlc3NfdG9rZW5fZmllbGQiOjExMDAwOTIsImV4cCI6MTc3OTE5MjQyNiwib3JpZ19pYXQiOjE3NzkxMDYwMjZ9.033hk-LRCIom8Jiaijs6Os53srEhjnn06LWuf8ogMVE
1100093,perf_login_000093,eyJhbGciOiJIUzI1NiIsInR5cCI6IkpXVCJ9.eyJhY2Nlc3NfdG9rZW5fZmllbGQiOjExMDAwOTMsImV4cCI6MTc3OTE5MjQyNiwib3JpZ19pYXQiOjE3NzkxMDYwMjZ9.J4SUDEjq7Zye4b10ELAV4cRMNbOvvES5Nbfeh8iA2HE
1100095,perf_login_000095,eyJhbGciOiJIUzI1NiIsInR5cCI6IkpXVCJ9.eyJhY2Nlc3NfdG9rZW5fZmllbGQiOjExMDAwOTUsImV4cCI6MTc3OTE5MjQyNiwib3JpZ19pYXQiOjE3NzkxMDYwMjZ9.L2qxRRbFAGZmxUltiTZ0-lbYrK3FimmmfhEmwakRTf4
1100096,perf_login_000096,eyJhbGciOiJIUzI1NiIsInR5cCI6IkpXVCJ9.eyJhY2Nlc3NfdG9rZW5fZmllbGQiOjExMDAwOTYsImV4cCI6MTc3OTE5MjQyNiwib3JpZ19pYXQiOjE3NzkxMDYwMjZ9.Db9GBBdNA9jd55-AD3fOk-5YB8fk5qtBwOhzw5g6PYo
1100094,perf_login_000094,eyJhbGciOiJIUzI1NiIsInR5cCI6IkpXVCJ9.eyJhY2Nlc3NfdG9rZW5fZmllbGQiOjExMDAwOTQsImV4cCI6MTc3OTE5MjQyNiwib3JpZ19pYXQiOjE3NzkxMDYwMjZ9.NZrr2sXDgfp6uNATytZXf2tqeY_qnaXT4GgXe_gukyc
1100097,perf_login_000097,eyJhbGciOiJIUzI1NiIsInR5cCI6IkpXVCJ9.eyJhY2Nlc3NfdG9rZW5fZmllbGQiOjExMDAwOTcsImV4cCI6MTc3OTE5MjQyNiwib3JpZ19pYXQiOjE3NzkxMDYwMjZ9.4XEOJ9mbq7bXy6sVUjVPWVPa3UdB6fiQQBnZVR1FnAg
1100103,perf_login_000103,eyJhbGciOiJIUzI1NiIsInR5cCI6IkpXVCJ9.eyJhY2Nlc3NfdG9rZW5fZmllbGQiOjExMDAxMDMsImV4cCI6MTc3OTE5MjQyNiwib3JpZ19pYXQiOjE3NzkxMDYwMjZ9.ZDu_qm5NAVRO7Z7rNjaaRA049B1dsOKVehSae9W72EI
1100098,perf_login_000098,eyJhbGciOiJIUzI1NiIsInR5cCI6IkpXVCJ9.eyJhY2Nlc3NfdG9rZW5fZmllbGQiOjExMDAwOTgsImV4cCI6MTc3OTE5MjQyNiwib3JpZ19pYXQiOjE3NzkxMDYwMjZ9.4n-1-SNqLLBESbHdrydPibAt51uXPN4cs7u_zZenWL4
1100099,perf_login_000099,eyJhbGciOiJIUzI1NiIsInR5cCI6IkpXVCJ9.eyJhY2Nlc3NfdG9rZW5fZmllbGQiOjExMDAwOTksImV4cCI6MTc3OTE5MjQyNiwib3JpZ19pYXQiOjE3NzkxMDYwMjZ9.JmcFBLkwLdoWRryliKyhrq7sSb_vh1lNg0bb4Vi4rmE
1100101,perf_login_000101,eyJhbGciOiJIUzI1NiIsInR5cCI6IkpXVCJ9.eyJhY2Nlc3NfdG9rZW5fZmllbGQiOjExMDAxMDEsImV4cCI6MTc3OTE5MjQyNiwib3JpZ19pYXQiOjE3NzkxMDYwMjZ9.FLx7uT4HAlZJ0bpNTXupCPmsMuRBQuC9FC5xZxkPsdg
1100100,perf_login_000100,eyJhbGciOiJIUzI1NiIsInR5cCI6IkpXVCJ9.eyJhY2Nlc3NfdG9rZW5fZmllbGQiOjExMDAxMDAsImV4cCI6MTc3OTE5MjQyNiwib3JpZ19pYXQiOjE3NzkxMDYwMjZ9.HkFUsQJp-BTYv4zOd1TcmKo_zYqQRjlkwv99-WxYuRo
1100102,perf_login_000102,eyJhbGciOiJIUzI1NiIsInR5cCI6IkpXVCJ9.eyJhY2Nlc3NfdG9rZW5fZmllbGQiOjExMDAxMDIsImV4cCI6MTc3OTE5MjQyNiwib3JpZ19pYXQiOjE3NzkxMDYwMjZ9.LRh0OxPOEI8dwU3cVcuicSGgGvu2W_rRJXIYWvca6c8
1100110,perf_login_000110,eyJhbGciOiJIUzI1NiIsInR5cCI6IkpXVCJ9.eyJhY2Nlc3NfdG9rZW5fZmllbGQiOjExMDAxMTAsImV4cCI6MTc3OTE5MjQyNiwib3JpZ19pYXQiOjE3NzkxMDYwMjZ9.7o-vJxBKhsQNAZVbez-Fb5UK5wDW-TpiHpWnU1lKXnc
1100104,perf_login_000104,eyJhbGciOiJIUzI1NiIsInR5cCI6IkpXVCJ9.eyJhY2Nlc3NfdG9rZW5fZmllbGQiOjExMDAxMDQsImV4cCI6MTc3OTE5MjQyNiwib3JpZ19pYXQiOjE3NzkxMDYwMjZ9.ubMnnMYlTjXJVlDpphjZ_WasMvb4D30rC5fi1Urj9LA
1100107,perf_login_000108,eyJhbGciOiJIUzI1NiIsInR5cCI6IkpXVCJ9.eyJhY2Nlc3NfdG9rZW5fZmllbGQiOjExMDAxMDcsImV4cCI6MTc3OTE5MjQyNiwib3JpZ19pYXQiOjE3NzkxMDYwMjZ9.9ivT6Pi-7IPFai8uMdOHdCbjV06Ks-2C0ADI1JkNtPc
1100108,perf_login_000107,eyJhbGciOiJIUzI1NiIsInR5cCI6IkpXVCJ9.eyJhY2Nlc3NfdG9rZW5fZmllbGQiOjExMDAxMDgsImV4cCI6MTc3OTE5MjQyNiwib3JpZ19pYXQiOjE3NzkxMDYwMjZ9.NY2R52LxyhK6S0pojLPBX0eyxjnq0_J-N1zIESLCdno
1100105,perf_login_000105,eyJhbGciOiJIUzI1NiIsInR5cCI6IkpXVCJ9.eyJhY2Nlc3NfdG9rZW5fZmllbGQiOjExMDAxMDUsImV4cCI6MTc3OTE5MjQyNiwib3JpZ19pYXQiOjE3NzkxMDYwMjZ9.9Mupvubnc75SrEyS3CwINfYQ0tJhcltbXisbarCtZuY
1100109,perf_login_000109,eyJhbGciOiJIUzI1NiIsInR5cCI6IkpXVCJ9.eyJhY2Nlc3NfdG9rZW5fZmllbGQiOjExMDAxMDksImV4cCI6MTc3OTE5MjQyNiwib3JpZ19pYXQiOjE3NzkxMDYwMjZ9.p3wLj_7ZktG_Sj9nKGJ8Y2eVLsb5ezpgrJJtvSREulo
1100106,perf_login_000106,eyJhbGciOiJIUzI1NiIsInR5cCI6IkpXVCJ9.eyJhY2Nlc3NfdG9rZW5fZmllbGQiOjExMDAxMDYsImV4cCI6MTc3OTE5MjQyNiwib3JpZ19pYXQiOjE3NzkxMDYwMjZ9.qk8J_Zsqzh2UD9s5KB9hc9-n54hP83jmHGaHgDF7f60
1100111,perf_login_000111,eyJhbGciOiJIUzI1NiIsInR5cCI6IkpXVCJ9.eyJhY2Nlc3NfdG9rZW5fZmllbGQiOjExMDAxMTEsImV4cCI6MTc3OTE5MjQyNiwib3JpZ19pYXQiOjE3NzkxMDYwMjZ9.JrjcH1yctYc_SnAEJSHOC4Voy7GWmElzfDWdwfd8lD4
1100120,perf_login_000116,eyJhbGciOiJIUzI1NiIsInR5cCI6IkpXVCJ9.eyJhY2Nlc3NfdG9rZW5fZmllbGQiOjExMDAxMjAsImV4cCI6MTc3OTE5MjQyNiwib3JpZ19pYXQiOjE3NzkxMDYwMjZ9.X_YPZOSvPGdwOzikUtsKYDosE-YPdm6WCTU3JK-RrLo
1100112,perf_login_000112,eyJhbGciOiJIUzI1NiIsInR5cCI6IkpXVCJ9.eyJhY2Nlc3NfdG9rZW5fZmllbGQiOjExMDAxMTIsImV4cCI6MTc3OTE5MjQyNiwib3JpZ19pYXQiOjE3NzkxMDYwMjZ9.A6wqpCt432K5pzc2-Aty7piDSFvb52H6FdL5uPsaFVo
1100113,perf_login_000113,eyJhbGciOiJIUzI1NiIsInR5cCI6IkpXVCJ9.eyJhY2Nlc3NfdG9rZW5fZmllbGQiOjExMDAxMTMsImV4cCI6MTc3OTE5MjQyNiwib3JpZ19pYXQiOjE3NzkxMDYwMjZ9.QOfW7uxtDTAeoQm6PeJ3vSfT44inFytrBRjXvEEjmNQ
1100115,perf_login_000115,eyJhbGciOiJIUzI1NiIsInR5cCI6IkpXVCJ9.eyJhY2Nlc3NfdG9rZW5fZmllbGQiOjExMDAxMTUsImV4cCI6MTc3OTE5MjQyNiwib3JpZ19pYXQiOjE3NzkxMDYwMjZ9.ErluSC_Xixb_hhkUksz9F6LA2U8ewhlWW-tuhYYVXJA
1100118,perf_login_000117,eyJhbGciOiJIUzI1NiIsInR5cCI6IkpXVCJ9.eyJhY2Nlc3NfdG9rZW5fZmllbGQiOjExMDAxMTgsImV4cCI6MTc3OTE5MjQyNiwib3JpZ19pYXQiOjE3NzkxMDYwMjZ9.824y-EyrfY3QgFAdyHqbm4J4h-qj3fJK0w76rqnJlkg
1100114,perf_login_000114,eyJhbGciOiJIUzI1NiIsInR5cCI6IkpXVCJ9.eyJhY2Nlc3NfdG9rZW5fZmllbGQiOjExMDAxMTQsImV4cCI6MTc3OTE5MjQyNiwib3JpZ19pYXQiOjE3NzkxMDYwMjZ9.ULSjhGEaicdTqT-HHqL32QiScXmbXbXQPdmoXhFO6e8
1100124,perf_login_000118,eyJhbGciOiJIUzI1NiIsInR5cCI6IkpXVCJ9.eyJhY2Nlc3NfdG9rZW5fZmllbGQiOjExMDAxMjQsImV4cCI6MTc3OTE5MjQyNiwib3JpZ19pYXQiOjE3NzkxMDYwMjZ9.XPnKtL41gjdh_jfAaNfxua7Bi4TzGf7SH5iIp64YS2M
1100123,perf_login_000121,eyJhbGciOiJIUzI1NiIsInR5cCI6IkpXVCJ9.eyJhY2Nlc3NfdG9rZW5fZmllbGQiOjExMDAxMjMsImV4cCI6MTc3OTE5MjQyNiwib3JpZ19pYXQiOjE3NzkxMDYwMjZ9._GnNV9sZNx3fldRCKEvnXHxm9CnFqNeydHhBpFo-Ooc
1100117,perf_login_000120,eyJhbGciOiJIUzI1NiIsInR5cCI6IkpXVCJ9.eyJhY2Nlc3NfdG9rZW5fZmllbGQiOjExMDAxMTcsImV4cCI6MTc3OTE5MjQyNiwib3JpZ19pYXQiOjE3NzkxMDYwMjZ9.dYmbyOdh6oDDfHKmAn2zCl1I_4uBuTUMtalQQzxj-Ps
1100125,perf_login_000122,eyJhbGciOiJIUzI1NiIsInR5cCI6IkpXVCJ9.eyJhY2Nlc3NfdG9rZW5fZmllbGQiOjExMDAxMjUsImV4cCI6MTc3OTE5MjQyNiwib3JpZ19pYXQiOjE3NzkxMDYwMjZ9.i2mXVx_dK_bYCNYAz8TqlTdkL0MEMsNjpPfpRPYi7fs
1100116,perf_login_000119,eyJhbGciOiJIUzI1NiIsInR5cCI6IkpXVCJ9.eyJhY2Nlc3NfdG9rZW5fZmllbGQiOjExMDAxMTYsImV4cCI6MTc3OTE5MjQyNiwib3JpZ19pYXQiOjE3NzkxMDYwMjZ9.vhzXwgm6ObUYZC0EzwgppLONr8Syaz3-aVQIPsoGauc
1100127,perf_login_000126,eyJhbGciOiJIUzI1NiIsInR5cCI6IkpXVCJ9.eyJhY2Nlc3NfdG9rZW5fZmllbGQiOjExMDAxMjcsImV4cCI6MTc3OTE5MjQyNywib3JpZ19pYXQiOjE3NzkxMDYwMjd9.vNcL6wM2r6-BYikN2HmAIp2ZGIK6fq0OeIkK4qZGJRI
1100121,perf_login_000123,eyJhbGciOiJIUzI1NiIsInR5cCI6IkpXVCJ9.eyJhY2Nlc3NfdG9rZW5fZmllbGQiOjExMDAxMjEsImV4cCI6MTc3OTE5MjQyNywib3JpZ19pYXQiOjE3NzkxMDYwMjd9.xbDFRyyODmpXttgxEmOQn5BD_4d05bdtgf1-bWkUOLE
1100131,perf_login_000131,eyJhbGciOiJIUzI1NiIsInR5cCI6IkpXVCJ9.eyJhY2Nlc3NfdG9rZW5fZmllbGQiOjExMDAxMzEsImV4cCI6MTc3OTE5MjQyNywib3JpZ19pYXQiOjE3NzkxMDYwMjd9.pBKdai6L7sMq879UQ5LJYoU_XgA1DWX300aPY_f-XXo
1100129,perf_login_000129,eyJhbGciOiJIUzI1NiIsInR5cCI6IkpXVCJ9.eyJhY2Nlc3NfdG9rZW5fZmllbGQiOjExMDAxMjksImV4cCI6MTc3OTE5MjQyNywib3JpZ19pYXQiOjE3NzkxMDYwMjd9.e86cO0Z7K-DwLYLy6pm2aceGElNOffZ1oKJJxGNzTcw
1100132,perf_login_000133,eyJhbGciOiJIUzI1NiIsInR5cCI6IkpXVCJ9.eyJhY2Nlc3NfdG9rZW5fZmllbGQiOjExMDAxMzIsImV4cCI6MTc3OTE5MjQyNywib3JpZ19pYXQiOjE3NzkxMDYwMjd9.Npq8u4LafasWCdk6OS7yQ9KRoTNcd95eXm44uSq5_nw
1100130,perf_login_000130,eyJhbGciOiJIUzI1NiIsInR5cCI6IkpXVCJ9.eyJhY2Nlc3NfdG9rZW5fZmllbGQiOjExMDAxMzAsImV4cCI6MTc3OTE5MjQyNywib3JpZ19pYXQiOjE3NzkxMDYwMjd9.uavfii-pnGvj4AtNSc6lAc27plvrasDT_ihrSa0AJEU
1100128,perf_login_000128,eyJhbGciOiJIUzI1NiIsInR5cCI6IkpXVCJ9.eyJhY2Nlc3NfdG9rZW5fZmllbGQiOjExMDAxMjgsImV4cCI6MTc3OTE5MjQyNywib3JpZ19pYXQiOjE3NzkxMDYwMjd9.lOVs0_CRzeB9XrqeHh_ztjrCSyTbAriCwnDNo-Vu5HM
1100135,perf_login_000132,eyJhbGciOiJIUzI1NiIsInR5cCI6IkpXVCJ9.eyJhY2Nlc3NfdG9rZW5fZmllbGQiOjExMDAxMzUsImV4cCI6MTc3OTE5MjQyNywib3JpZ19pYXQiOjE3NzkxMDYwMjd9.7zqa9zrF9CKEQgz997Ucl9hDndg6NRbeRb8p1pZdG6c
1100134,perf_login_000134,eyJhbGciOiJIUzI1NiIsInR5cCI6IkpXVCJ9.eyJhY2Nlc3NfdG9rZW5fZmllbGQiOjExMDAxMzQsImV4cCI6MTc3OTE5MjQyNywib3JpZ19pYXQiOjE3NzkxMDYwMjd9.vRBYtfumsWnS5Rxa65YUB68t8A5FOUfqtuS-6eBo_5E
1100133,perf_login_000136,eyJhbGciOiJIUzI1NiIsInR5cCI6IkpXVCJ9.eyJhY2Nlc3NfdG9rZW5fZmllbGQiOjExMDAxMzMsImV4cCI6MTc3OTE5MjQyNywib3JpZ19pYXQiOjE3NzkxMDYwMjd9.ZwQtnTQOTSoN5CZZM-ijuYIFupxT2yrPheRpXUm96kU
1100138,perf_login_000138,eyJhbGciOiJIUzI1NiIsInR5cCI6IkpXVCJ9.eyJhY2Nlc3NfdG9rZW5fZmllbGQiOjExMDAxMzgsImV4cCI6MTc3OTE5MjQyNywib3JpZ19pYXQiOjE3NzkxMDYwMjd9.bauIGz_NbIkWpa9kP7LpSBVnDiLtelZl8m5bIW7QPs4
1100140,perf_login_000140,eyJhbGciOiJIUzI1NiIsInR5cCI6IkpXVCJ9.eyJhY2Nlc3NfdG9rZW5fZmllbGQiOjExMDAxNDAsImV4cCI6MTc3OTE5MjQyNywib3JpZ19pYXQiOjE3NzkxMDYwMjd9.kJazKixeGlMKlxWl3UptkndHmY54Bv-eGBDolpCT2Nc
1100137,perf_login_000137,eyJhbGciOiJIUzI1NiIsInR5cCI6IkpXVCJ9.eyJhY2Nlc3NfdG9rZW5fZmllbGQiOjExMDAxMzcsImV4cCI6MTc3OTE5MjQyNywib3JpZ19pYXQiOjE3NzkxMDYwMjd9.zJdBtcrrP1bx8HtkNf8DIy5K_eTOulz4ZmUb-80yHDA
1100141,perf_login_000141,eyJhbGciOiJIUzI1NiIsInR5cCI6IkpXVCJ9.eyJhY2Nlc3NfdG9rZW5fZmllbGQiOjExMDAxNDEsImV4cCI6MTc3OTE5MjQyNywib3JpZ19pYXQiOjE3NzkxMDYwMjd9.mbZaPek7CpSQ8C8ENhal0ZF2u_Dwm9dDFkrClkxRs6w
1100136,perf_login_000135,eyJhbGciOiJIUzI1NiIsInR5cCI6IkpXVCJ9.eyJhY2Nlc3NfdG9rZW5fZmllbGQiOjExMDAxMzYsImV4cCI6MTc3OTE5MjQyNywib3JpZ19pYXQiOjE3NzkxMDYwMjd9.yAs3gYbTV6sku9MWunzr8W56zmfgDmOsTFG9Iq1PB78
1100139,perf_login_000139,eyJhbGciOiJIUzI1NiIsInR5cCI6IkpXVCJ9.eyJhY2Nlc3NfdG9rZW5fZmllbGQiOjExMDAxMzksImV4cCI6MTc3OTE5MjQyNywib3JpZ19pYXQiOjE3NzkxMDYwMjd9.fHtUEwV8y9BjF7tv_XVsLQUDs_Iv1k5OGr1tl9A8T9E
1100147,perf_login_000146,eyJhbGciOiJIUzI1NiIsInR5cCI6IkpXVCJ9.eyJhY2Nlc3NfdG9rZW5fZmllbGQiOjExMDAxNDcsImV4cCI6MTc3OTE5MjQyNywib3JpZ19pYXQiOjE3NzkxMDYwMjd9.tCGdrL-vJH5K10cIVBkLsLNF5jJt74ihC5NTTOalnUw
1100144,perf_login_000145,eyJhbGciOiJIUzI1NiIsInR5cCI6IkpXVCJ9.eyJhY2Nlc3NfdG9rZW5fZmllbGQiOjExMDAxNDQsImV4cCI6MTc3OTE5MjQyNywib3JpZ19pYXQiOjE3NzkxMDYwMjd9.HapQen6QyhRL-zPyY59OgvqBu8sHgtKR1wGbzkMmdX0
1100149,perf_login_000148,eyJhbGciOiJIUzI1NiIsInR5cCI6IkpXVCJ9.eyJhY2Nlc3NfdG9rZW5fZmllbGQiOjExMDAxNDksImV4cCI6MTc3OTE5MjQyNywib3JpZ19pYXQiOjE3NzkxMDYwMjd9.D4sDL3f1HV_WDbNGFrU3ZnfPx5PoONRz8LePiOtKQZA
1100146,perf_login_000147,eyJhbGciOiJIUzI1NiIsInR5cCI6IkpXVCJ9.eyJhY2Nlc3NfdG9rZW5fZmllbGQiOjExMDAxNDYsImV4cCI6MTc3OTE5MjQyNywib3JpZ19pYXQiOjE3NzkxMDYwMjd9.TvLNRPF_iSPiIUmdScPavpxyMG-iAeljJaosYxvDQPA
1100143,perf_login_000143,eyJhbGciOiJIUzI1NiIsInR5cCI6IkpXVCJ9.eyJhY2Nlc3NfdG9rZW5fZmllbGQiOjExMDAxNDMsImV4cCI6MTc3OTE5MjQyNywib3JpZ19pYXQiOjE3NzkxMDYwMjd9.ofCAVKwR0suP_sRpA5ZAevJ2NMCjIuWvsr-z2o_2YII
1100142,perf_login_000142,eyJhbGciOiJIUzI1NiIsInR5cCI6IkpXVCJ9.eyJhY2Nlc3NfdG9rZW5fZmllbGQiOjExMDAxNDIsImV4cCI6MTc3OTE5MjQyNywib3JpZ19pYXQiOjE3NzkxMDYwMjd9.mQQXw4gaUwhGWajvgEAkhesm-iiGh99J1prXhWAKFaU
1100145,perf_login_000144,eyJhbGciOiJIUzI1NiIsInR5cCI6IkpXVCJ9.eyJhY2Nlc3NfdG9rZW5fZmllbGQiOjExMDAxNDUsImV4cCI6MTc3OTE5MjQyNywib3JpZ19pYXQiOjE3NzkxMDYwMjd9.ZbfZA7LWcbjkGekuhA3XchAuvjuoRbqIXu_uc487Nn4
1100154,perf_login_000154,eyJhbGciOiJIUzI1NiIsInR5cCI6IkpXVCJ9.eyJhY2Nlc3NfdG9rZW5fZmllbGQiOjExMDAxNTQsImV4cCI6MTc3OTE5MjQyNywib3JpZ19pYXQiOjE3NzkxMDYwMjd9.FOcjyPLqLr3s6vAFVb3eSH4gfz0sdbFai4zjZauWNTo
1100151,perf_login_000151,eyJhbGciOiJIUzI1NiIsInR5cCI6IkpXVCJ9.eyJhY2Nlc3NfdG9rZW5fZmllbGQiOjExMDAxNTEsImV4cCI6MTc3OTE5MjQyNywib3JpZ19pYXQiOjE3NzkxMDYwMjd9.hit7RczJHMWw-6sEx1L70NXSKdYx466Ja17H1P85xAc
1100152,perf_login_000152,eyJhbGciOiJIUzI1NiIsInR5cCI6IkpXVCJ9.eyJhY2Nlc3NfdG9rZW5fZmllbGQiOjExMDAxNTIsImV4cCI6MTc3OTE5MjQyNywib3JpZ19pYXQiOjE3NzkxMDYwMjd9.40ti-KkOluHAUUv5CU01WgBeAywYNMjqHRq3gWj94ks
1100150,perf_login_000150,eyJhbGciOiJIUzI1NiIsInR5cCI6IkpXVCJ9.eyJhY2Nlc3NfdG9rZW5fZmllbGQiOjExMDAxNTAsImV4cCI6MTc3OTE5MjQyNywib3JpZ19pYXQiOjE3NzkxMDYwMjd9.JH6aVHcphwYz3WBz2Mlu2MfkKLIjW68xgt7rZRaQ5RQ
1100153,perf_login_000153,eyJhbGciOiJIUzI1NiIsInR5cCI6IkpXVCJ9.eyJhY2Nlc3NfdG9rZW5fZmllbGQiOjExMDAxNTMsImV4cCI6MTc3OTE5MjQyNywib3JpZ19pYXQiOjE3NzkxMDYwMjd9.Jk_sSHO8Ud7jhwKCmMrxhckfdhvuJbc8FgAhp367Q-k
1100148,perf_login_000149,eyJhbGciOiJIUzI1NiIsInR5cCI6IkpXVCJ9.eyJhY2Nlc3NfdG9rZW5fZmllbGQiOjExMDAxNDgsImV4cCI6MTc3OTE5MjQyNywib3JpZ19pYXQiOjE3NzkxMDYwMjd9.MxSoUAcUO7FUt6wU-4puGjHF1LjYL8c2L8Beyz3OvOY
1100155,perf_login_000155,eyJhbGciOiJIUzI1NiIsInR5cCI6IkpXVCJ9.eyJhY2Nlc3NfdG9rZW5fZmllbGQiOjExMDAxNTUsImV4cCI6MTc3OTE5MjQyNywib3JpZ19pYXQiOjE3NzkxMDYwMjd9.wkTy71Zyl0KgrGa1c2rAr_1nBYxQ9yIQ7vLMa4vuwnA
1100158,perf_login_000159,eyJhbGciOiJIUzI1NiIsInR5cCI6IkpXVCJ9.eyJhY2Nlc3NfdG9rZW5fZmllbGQiOjExMDAxNTgsImV4cCI6MTc3OTE5MjQyNywib3JpZ19pYXQiOjE3NzkxMDYwMjd9.i5l9RzfLYC9aTm1K_i104FfdaGHZmCD58LvV-1Rh1PQ
1100157,perf_login_000157,eyJhbGciOiJIUzI1NiIsInR5cCI6IkpXVCJ9.eyJhY2Nlc3NfdG9rZW5fZmllbGQiOjExMDAxNTcsImV4cCI6MTc3OTE5MjQyNywib3JpZ19pYXQiOjE3NzkxMDYwMjd9.dWyY8KrG_AD1erQ29hhFAioWiWO9L5QwB3KS0YfXuw8
1100160,perf_login_000160,eyJhbGciOiJIUzI1NiIsInR5cCI6IkpXVCJ9.eyJhY2Nlc3NfdG9rZW5fZmllbGQiOjExMDAxNjAsImV4cCI6MTc3OTE5MjQyNywib3JpZ19pYXQiOjE3NzkxMDYwMjd9.3ogz6vZiJEmgruyiTuu1FukQ_3xFR4Qnys9wVuaHFdk
1100156,perf_login_000156,eyJhbGciOiJIUzI1NiIsInR5cCI6IkpXVCJ9.eyJhY2Nlc3NfdG9rZW5fZmllbGQiOjExMDAxNTYsImV4cCI6MTc3OTE5MjQyNywib3JpZ19pYXQiOjE3NzkxMDYwMjd9.qMoXh-UZgfvb2SA_KxMHez-OAqOFRU0C8TXPlA2_nS8
1100162,perf_login_000162,eyJhbGciOiJIUzI1NiIsInR5cCI6IkpXVCJ9.eyJhY2Nlc3NfdG9rZW5fZmllbGQiOjExMDAxNjIsImV4cCI6MTc3OTE5MjQyNywib3JpZ19pYXQiOjE3NzkxMDYwMjd9.TBW39cVDq2D70rSSUj_EoldWo_bR4-en_19sCp5pPsc
1100161,perf_login_000161,eyJhbGciOiJIUzI1NiIsInR5cCI6IkpXVCJ9.eyJhY2Nlc3NfdG9rZW5fZmllbGQiOjExMDAxNjEsImV4cCI6MTc3OTE5MjQyNywib3JpZ19pYXQiOjE3NzkxMDYwMjd9.0ytvXk9btCQJNOrgoACeO-44nd5By0HEf6FSsCzlxi0
1100159,perf_login_000158,eyJhbGciOiJIUzI1NiIsInR5cCI6IkpXVCJ9.eyJhY2Nlc3NfdG9rZW5fZmllbGQiOjExMDAxNTksImV4cCI6MTc3OTE5MjQyNywib3JpZ19pYXQiOjE3NzkxMDYwMjd9.UopZ81KmID7XfjcW-o7Jd6XsnVZHjFUDOhMsAYoSxq8
1100167,perf_login_000167,eyJhbGciOiJIUzI1NiIsInR5cCI6IkpXVCJ9.eyJhY2Nlc3NfdG9rZW5fZmllbGQiOjExMDAxNjcsImV4cCI6MTc3OTE5MjQyNywib3JpZ19pYXQiOjE3NzkxMDYwMjd9.LaxKShBYfHyJra_t5XDrOXwAimZ_Hw-PuB_ixi2xqvk
1100165,perf_login_000165,eyJhbGciOiJIUzI1NiIsInR5cCI6IkpXVCJ9.eyJhY2Nlc3NfdG9rZW5fZmllbGQiOjExMDAxNjUsImV4cCI6MTc3OTE5MjQyNywib3JpZ19pYXQiOjE3NzkxMDYwMjd9.f89i8C5UChV8QWikKI5FEA2fD0G_CaGF4Ft1ImGQ0YI
1100164,perf_login_000163,eyJhbGciOiJIUzI1NiIsInR5cCI6IkpXVCJ9.eyJhY2Nlc3NfdG9rZW5fZmllbGQiOjExMDAxNjQsImV4cCI6MTc3OTE5MjQyNywib3JpZ19pYXQiOjE3NzkxMDYwMjd9.Xpm1MqWyc8cWU7O88RIK014QqF5YUB8mYSdRh6l0H-I
1100166,perf_login_000166,eyJhbGciOiJIUzI1NiIsInR5cCI6IkpXVCJ9.eyJhY2Nlc3NfdG9rZW5fZmllbGQiOjExMDAxNjYsImV4cCI6MTc3OTE5MjQyNywib3JpZ19pYXQiOjE3NzkxMDYwMjd9.PuQYUodu1i-4cxJoW8yghOWLxc7TtNSeqSwbMal8Erc
1100163,perf_login_000164,eyJhbGciOiJIUzI1NiIsInR5cCI6IkpXVCJ9.eyJhY2Nlc3NfdG9rZW5fZmllbGQiOjExMDAxNjMsImV4cCI6MTc3OTE5MjQyNywib3JpZ19pYXQiOjE3NzkxMDYwMjd9.4S7fXsDHxW22c7Jio3zL2wVhZtuLZjgQ18rXkYD-qL0
1100169,perf_login_000169,eyJhbGciOiJIUzI1NiIsInR5cCI6IkpXVCJ9.eyJhY2Nlc3NfdG9rZW5fZmllbGQiOjExMDAxNjksImV4cCI6MTc3OTE5MjQyNywib3JpZ19pYXQiOjE3NzkxMDYwMjd9.bXTEPmbYdoccNogJ7jopHKSttsK_DQaWtqLCy2GhUcY
1100172,perf_login_000171,eyJhbGciOiJIUzI1NiIsInR5cCI6IkpXVCJ9.eyJhY2Nlc3NfdG9rZW5fZmllbGQiOjExMDAxNzIsImV4cCI6MTc3OTE5MjQyNywib3JpZ19pYXQiOjE3NzkxMDYwMjd9.bbBOyKxUthUgwOyYghyQaz8RmmTz7rY85hQmUc6aZBE
1100170,perf_login_000170,eyJhbGciOiJIUzI1NiIsInR5cCI6IkpXVCJ9.eyJhY2Nlc3NfdG9rZW5fZmllbGQiOjExMDAxNzAsImV4cCI6MTc3OTE5MjQyNywib3JpZ19pYXQiOjE3NzkxMDYwMjd9.AtMbNo1W0cWcG-wuL_j_AT-LzS-GM7iAqrC6GSn5k3A
1100168,perf_login_000168,eyJhbGciOiJIUzI1NiIsInR5cCI6IkpXVCJ9.eyJhY2Nlc3NfdG9rZW5fZmllbGQiOjExMDAxNjgsImV4cCI6MTc3OTE5MjQyNywib3JpZ19pYXQiOjE3NzkxMDYwMjd9.Mj1vrRpTBk8XeMTaUMdsyRnThVRVC4x0DWtndydbSeM
1100173,perf_login_000173,eyJhbGciOiJIUzI1NiIsInR5cCI6IkpXVCJ9.eyJhY2Nlc3NfdG9rZW5fZmllbGQiOjExMDAxNzMsImV4cCI6MTc3OTE5MjQyNywib3JpZ19pYXQiOjE3NzkxMDYwMjd9.pBaOzFyAiqEeso4KePkdgRGRbcDIjtUIjsEaut6iZt4
1100176,perf_login_000174,eyJhbGciOiJIUzI1NiIsInR5cCI6IkpXVCJ9.eyJhY2Nlc3NfdG9rZW5fZmllbGQiOjExMDAxNzYsImV4cCI6MTc3OTE5MjQyNywib3JpZ19pYXQiOjE3NzkxMDYwMjd9.Tk3TuZLC7llA-Mjo-4zcN7RHIAIiOfXxUwCD_sAh5xc
1100171,perf_login_000172,eyJhbGciOiJIUzI1NiIsInR5cCI6IkpXVCJ9.eyJhY2Nlc3NfdG9rZW5fZmllbGQiOjExMDAxNzEsImV4cCI6MTc3OTE5MjQyNywib3JpZ19pYXQiOjE3NzkxMDYwMjd9.1gjoshNkzMZoMWF_sAY5jcL20e9Sf1WSEWwao8Ry72c
1100174,perf_login_000175,eyJhbGciOiJIUzI1NiIsInR5cCI6IkpXVCJ9.eyJhY2Nlc3NfdG9rZW5fZmllbGQiOjExMDAxNzQsImV4cCI6MTc3OTE5MjQyNywib3JpZ19pYXQiOjE3NzkxMDYwMjd9.lVLI_ULnTcveIyo9k97oeA8aV89OHe-CRA1s3bp8kFA
1100175,perf_login_000176,eyJhbGciOiJIUzI1NiIsInR5cCI6IkpXVCJ9.eyJhY2Nlc3NfdG9rZW5fZmllbGQiOjExMDAxNzUsImV4cCI6MTc3OTE5MjQyOCwib3JpZ19pYXQiOjE3NzkxMDYwMjh9.r464Qxbp_a0VLsKz4EZe8B1qe7ryEYZq292aS6NZcgI
1100179,perf_login_000179,eyJhbGciOiJIUzI1NiIsInR5cCI6IkpXVCJ9.eyJhY2Nlc3NfdG9rZW5fZmllbGQiOjExMDAxNzksImV4cCI6MTc3OTE5MjQyOCwib3JpZ19pYXQiOjE3NzkxMDYwMjh9.aDsIl_dflIa_FYDXsxqhGJvH-zzeoQp2FBYxmr6s8p0
1100181,perf_login_000181,eyJhbGciOiJIUzI1NiIsInR5cCI6IkpXVCJ9.eyJhY2Nlc3NfdG9rZW5fZmllbGQiOjExMDAxODEsImV4cCI6MTc3OTE5MjQyOCwib3JpZ19pYXQiOjE3NzkxMDYwMjh9.9zmqfEbehplI5sToP6u59TkfespEqKKBxPsqM8s1Bps
1100180,perf_login_000180,eyJhbGciOiJIUzI1NiIsInR5cCI6IkpXVCJ9.eyJhY2Nlc3NfdG9rZW5fZmllbGQiOjExMDAxODAsImV4cCI6MTc3OTE5MjQyOCwib3JpZ19pYXQiOjE3NzkxMDYwMjh9.FShDMd5HsPomLHiEGVuSN7kNe17t35RU5lXnktJ0Wdw
1100319,perf_login_000184,eyJhbGciOiJIUzI1NiIsInR5cCI6IkpXVCJ9.eyJhY2Nlc3NfdG9rZW5fZmllbGQiOjExMDAzMTksImV4cCI6MTc3OTE5MjQyOCwib3JpZ19pYXQiOjE3NzkxMDYwMjh9.0GyGkye6ysFIz7MaZ2otaCY4MO2GYleg2AVL51Xb1EA
1100182,perf_login_000182,eyJhbGciOiJIUzI1NiIsInR5cCI6IkpXVCJ9.eyJhY2Nlc3NfdG9rZW5fZmllbGQiOjExMDAxODIsImV4cCI6MTc3OTE5MjQyOCwib3JpZ19pYXQiOjE3NzkxMDYwMjh9.ByeURCYKOx3c8Ipblm0sZ-oQxNlR4Z4Am5jzE84EjNE
1100190,perf_login_000186,eyJhbGciOiJIUzI1NiIsInR5cCI6IkpXVCJ9.eyJhY2Nlc3NfdG9rZW5fZmllbGQiOjExMDAxOTAsImV4cCI6MTc3OTE5MjQyOCwib3JpZ19pYXQiOjE3NzkxMDYwMjh9.n3G_OpaArQAmnNl6NE__fkz3Vu5fuWC_5dScI0eA750
1100184,perf_login_000185,eyJhbGciOiJIUzI1NiIsInR5cCI6IkpXVCJ9.eyJhY2Nlc3NfdG9rZW5fZmllbGQiOjExMDAxODQsImV4cCI6MTc3OTE5MjQyOCwib3JpZ19pYXQiOjE3NzkxMDYwMjh9.f1FIshY_MA0-6FPtrKkJ3KISKbYDLfl32XOUEwYeR9M
1100185,perf_login_000187,eyJhbGciOiJIUzI1NiIsInR5cCI6IkpXVCJ9.eyJhY2Nlc3NfdG9rZW5fZmllbGQiOjExMDAxODUsImV4cCI6MTc3OTE5MjQyOCwib3JpZ19pYXQiOjE3NzkxMDYwMjh9.04JY8GDoep7Gd0dU4MD5zMktHsnk_Q9S1lCHpYwNIfQ
1100189,perf_login_000188,eyJhbGciOiJIUzI1NiIsInR5cCI6IkpXVCJ9.eyJhY2Nlc3NfdG9rZW5fZmllbGQiOjExMDAxODksImV4cCI6MTc3OTE5MjQyOCwib3JpZ19pYXQiOjE3NzkxMDYwMjh9.H6ISu35lxm4NyYkDyRFRAW8Cb_9jbQPoN0Xe-gCSras
1100194,perf_login_000195,eyJhbGciOiJIUzI1NiIsInR5cCI6IkpXVCJ9.eyJhY2Nlc3NfdG9rZW5fZmllbGQiOjExMDAxOTQsImV4cCI6MTc3OTE5MjQyOCwib3JpZ19pYXQiOjE3NzkxMDYwMjh9.SnvTGbqcakspwsajtp495jn2j-ydKGC3OhVhbnNhOOc
1100188,perf_login_000191,eyJhbGciOiJIUzI1NiIsInR5cCI6IkpXVCJ9.eyJhY2Nlc3NfdG9rZW5fZmllbGQiOjExMDAxODgsImV4cCI6MTc3OTE5MjQyOCwib3JpZ19pYXQiOjE3NzkxMDYwMjh9.6AwyToUYWbp7o2WQZfV2rKCD-Vw65cYqlOSxEyhWlxE
1100187,perf_login_000190,eyJhbGciOiJIUzI1NiIsInR5cCI6IkpXVCJ9.eyJhY2Nlc3NfdG9rZW5fZmllbGQiOjExMDAxODcsImV4cCI6MTc3OTE5MjQyOCwib3JpZ19pYXQiOjE3NzkxMDYwMjh9.T-E-QFluCj9KLI41Y7PnkbxG65bbyplVbA8uaq8dBnc
1100191,perf_login_000192,eyJhbGciOiJIUzI1NiIsInR5cCI6IkpXVCJ9.eyJhY2Nlc3NfdG9rZW5fZmllbGQiOjExMDAxOTEsImV4cCI6MTc3OTE5MjQyOCwib3JpZ19pYXQiOjE3NzkxMDYwMjh9.6j9NUrfMamGkie1s96gW-u7Tqkp0C0OV-M2TCrIE1Qk
1100186,perf_login_000189,eyJhbGciOiJIUzI1NiIsInR5cCI6IkpXVCJ9.eyJhY2Nlc3NfdG9rZW5fZmllbGQiOjExMDAxODYsImV4cCI6MTc3OTE5MjQyOCwib3JpZ19pYXQiOjE3NzkxMDYwMjh9.MmyB9nnAhIsNsUU0vdveV9IJGTRVuDtXo6XE4LGHHFY
1100196,perf_login_000196,eyJhbGciOiJIUzI1NiIsInR5cCI6IkpXVCJ9.eyJhY2Nlc3NfdG9rZW5fZmllbGQiOjExMDAxOTYsImV4cCI6MTc3OTE5MjQyOCwib3JpZ19pYXQiOjE3NzkxMDYwMjh9.qc4x24cfWuqw4WL968VlqM28z-a0b_7Lnhcc0_gRvGY
1100193,perf_login_000194,eyJhbGciOiJIUzI1NiIsInR5cCI6IkpXVCJ9.eyJhY2Nlc3NfdG9rZW5fZmllbGQiOjExMDAxOTMsImV4cCI6MTc3OTE5MjQyOCwib3JpZ19pYXQiOjE3NzkxMDYwMjh9.48O-NDsGFHZWVY-jl6EZowNaM1jAQtKUQ7aNqWTf8xU
1100192,perf_login_000193,eyJhbGciOiJIUzI1NiIsInR5cCI6IkpXVCJ9.eyJhY2Nlc3NfdG9rZW5fZmllbGQiOjExMDAxOTIsImV4cCI6MTc3OTE5MjQyOCwib3JpZ19pYXQiOjE3NzkxMDYwMjh9.6k0_jvFHcUYLSy2fIlX76PdIORiS-0KzbMWc2iJDwfY
1100200,perf_login_000201,eyJhbGciOiJIUzI1NiIsInR5cCI6IkpXVCJ9.eyJhY2Nlc3NfdG9rZW5fZmllbGQiOjExMDAyMDAsImV4cCI6MTc3OTE5MjQyOCwib3JpZ19pYXQiOjE3NzkxMDYwMjh9.OMKNTZ7QS8DsHy1oHuJk-ztaGXIVekZNuqKsPaxUvaQ
1100197,perf_login_000198,eyJhbGciOiJIUzI1NiIsInR5cCI6IkpXVCJ9.eyJhY2Nlc3NfdG9rZW5fZmllbGQiOjExMDAxOTcsImV4cCI6MTc3OTE5MjQyOCwib3JpZ19pYXQiOjE3NzkxMDYwMjh9.wJHSUmlSx_4aDpZHuvEK2YwpheQqtrZXBDrUCG96bbw
1100195,perf_login_000197,eyJhbGciOiJIUzI1NiIsInR5cCI6IkpXVCJ9.eyJhY2Nlc3NfdG9rZW5fZmllbGQiOjExMDAxOTUsImV4cCI6MTc3OTE5MjQyOCwib3JpZ19pYXQiOjE3NzkxMDYwMjh9.84Bh5fJ1mZiUF_G0S82XSssEBnoR1fWAghOQMpmK5nI
1100201,perf_login_000202,eyJhbGciOiJIUzI1NiIsInR5cCI6IkpXVCJ9.eyJhY2Nlc3NfdG9rZW5fZmllbGQiOjExMDAyMDEsImV4cCI6MTc3OTE5MjQyOCwib3JpZ19pYXQiOjE3NzkxMDYwMjh9.7GMiym3p9rePBHq5zeJOzwxDlpYUkykicqlqvnH_aic
1100202,perf_login_000203,eyJhbGciOiJIUzI1NiIsInR5cCI6IkpXVCJ9.eyJhY2Nlc3NfdG9rZW5fZmllbGQiOjExMDAyMDIsImV4cCI6MTc3OTE5MjQyOCwib3JpZ19pYXQiOjE3NzkxMDYwMjh9.Kk9Wr4vUHgPDTAd-3Zh5LKRPKT-9Z0OHr_DsdCAjfM4
1100199,perf_login_000200,eyJhbGciOiJIUzI1NiIsInR5cCI6IkpXVCJ9.eyJhY2Nlc3NfdG9rZW5fZmllbGQiOjExMDAxOTksImV4cCI6MTc3OTE5MjQyOCwib3JpZ19pYXQiOjE3NzkxMDYwMjh9.DxoueFEj1-cx86-3CapAdsty7i7fb_omidPHAHZ3mIU
1100198,perf_login_000199,eyJhbGciOiJIUzI1NiIsInR5cCI6IkpXVCJ9.eyJhY2Nlc3NfdG9rZW5fZmllbGQiOjExMDAxOTgsImV4cCI6MTc3OTE5MjQyOCwib3JpZ19pYXQiOjE3NzkxMDYwMjh9.C9DWCjFzq4kY8DIgDu249-5T76AzvyBFdVYzJ5v-caU
1100203,perf_login_000204,eyJhbGciOiJIUzI1NiIsInR5cCI6IkpXVCJ9.eyJhY2Nlc3NfdG9rZW5fZmllbGQiOjExMDAyMDMsImV4cCI6MTc3OTE5MjQyOCwib3JpZ19pYXQiOjE3NzkxMDYwMjh9.eg4KlijgjCEfiA5YF6D3E8P59IqwIDD6geLifmvObq4
1100209,perf_login_000209,eyJhbGciOiJIUzI1NiIsInR5cCI6IkpXVCJ9.eyJhY2Nlc3NfdG9rZW5fZmllbGQiOjExMDAyMDksImV4cCI6MTc3OTE5MjQyOCwib3JpZ19pYXQiOjE3NzkxMDYwMjh9.c06a9ZuSqB5sSwIJRcmZw7U2r532zzx60Z5HjDUgunA
1100204,perf_login_000205,eyJhbGciOiJIUzI1NiIsInR5cCI6IkpXVCJ9.eyJhY2Nlc3NfdG9rZW5fZmllbGQiOjExMDAyMDQsImV4cCI6MTc3OTE5MjQyOCwib3JpZ19pYXQiOjE3NzkxMDYwMjh9.gIZSZJX3vemdF6jUr0r8wdCS6k0CdnWh1rqLExdmyJs
1100205,perf_login_000206,eyJhbGciOiJIUzI1NiIsInR5cCI6IkpXVCJ9.eyJhY2Nlc3NfdG9rZW5fZmllbGQiOjExMDAyMDUsImV4cCI6MTc3OTE5MjQyOCwib3JpZ19pYXQiOjE3NzkxMDYwMjh9.o0P1CILzC3C9JkmFGQVFHIsYKykRmdVcK5T6n-MaGR0
1100207,perf_login_000208,eyJhbGciOiJIUzI1NiIsInR5cCI6IkpXVCJ9.eyJhY2Nlc3NfdG9rZW5fZmllbGQiOjExMDAyMDcsImV4cCI6MTc3OTE5MjQyOCwib3JpZ19pYXQiOjE3NzkxMDYwMjh9.kliv6jEp3M4SIkq4zksYqRmuGhHNiEH87oGaml9lDA8
1100208,perf_login_000210,eyJhbGciOiJIUzI1NiIsInR5cCI6IkpXVCJ9.eyJhY2Nlc3NfdG9rZW5fZmllbGQiOjExMDAyMDgsImV4cCI6MTc3OTE5MjQyOCwib3JpZ19pYXQiOjE3NzkxMDYwMjh9.m595B28wtTE7WfAkVqR41gMoAtijbuc6lPPyd2XzaXI
1100206,perf_login_000207,eyJhbGciOiJIUzI1NiIsInR5cCI6IkpXVCJ9.eyJhY2Nlc3NfdG9rZW5fZmllbGQiOjExMDAyMDYsImV4cCI6MTc3OTE5MjQyOCwib3JpZ19pYXQiOjE3NzkxMDYwMjh9.FoWkZDgjK6YM5Mmc816psa_O5wOXjgxA_2kYxol11CE
1100210,perf_login_000211,eyJhbGciOiJIUzI1NiIsInR5cCI6IkpXVCJ9.eyJhY2Nlc3NfdG9rZW5fZmllbGQiOjExMDAyMTAsImV4cCI6MTc3OTE5MjQyOCwib3JpZ19pYXQiOjE3NzkxMDYwMjh9.GLNPhhJUJFh29-_2C_bzhEg9P5dn7ljDmm3pbRNIVjo
1100215,perf_login_000216,eyJhbGciOiJIUzI1NiIsInR5cCI6IkpXVCJ9.eyJhY2Nlc3NfdG9rZW5fZmllbGQiOjExMDAyMTUsImV4cCI6MTc3OTE5MjQyOCwib3JpZ19pYXQiOjE3NzkxMDYwMjh9.FFq78GiiIaSgL_Haro7XNMaEF6uQgspLjjuxJ9f-AYc
1100211,perf_login_000212,eyJhbGciOiJIUzI1NiIsInR5cCI6IkpXVCJ9.eyJhY2Nlc3NfdG9rZW5fZmllbGQiOjExMDAyMTEsImV4cCI6MTc3OTE5MjQyOCwib3JpZ19pYXQiOjE3NzkxMDYwMjh9.P05KQldk7F0EHwReWxPZH5jGJ_TfGkiFV_BY_DBw-9w
1100216,perf_login_000217,eyJhbGciOiJIUzI1NiIsInR5cCI6IkpXVCJ9.eyJhY2Nlc3NfdG9rZW5fZmllbGQiOjExMDAyMTYsImV4cCI6MTc3OTE5MjQyOCwib3JpZ19pYXQiOjE3NzkxMDYwMjh9.oQuESl6Jr2JcbobN_ACK5ozFCak2brQd0yZ7GbQgC1o
1100214,perf_login_000215,eyJhbGciOiJIUzI1NiIsInR5cCI6IkpXVCJ9.eyJhY2Nlc3NfdG9rZW5fZmllbGQiOjExMDAyMTQsImV4cCI6MTc3OTE5MjQyOCwib3JpZ19pYXQiOjE3NzkxMDYwMjh9.FSj7bQkjDvkMKhrYgNTtThgZ7yM3KFdgCZYNwNTs06Q
1100213,perf_login_000214,eyJhbGciOiJIUzI1NiIsInR5cCI6IkpXVCJ9.eyJhY2Nlc3NfdG9rZW5fZmllbGQiOjExMDAyMTMsImV4cCI6MTc3OTE5MjQyOCwib3JpZ19pYXQiOjE3NzkxMDYwMjh9.ogZlqyMNqk6GPSIvHl4DhZW6KhGDwVJqkekJj-ZhVzc
1100217,perf_login_000218,eyJhbGciOiJIUzI1NiIsInR5cCI6IkpXVCJ9.eyJhY2Nlc3NfdG9rZW5fZmllbGQiOjExMDAyMTcsImV4cCI6MTc3OTE5MjQyOCwib3JpZ19pYXQiOjE3NzkxMDYwMjh9.Qbanax6jaR-MGvByiUrMxVcowiN-EDOgsUTHrkSoQKY
1100212,perf_login_000213,eyJhbGciOiJIUzI1NiIsInR5cCI6IkpXVCJ9.eyJhY2Nlc3NfdG9rZW5fZmllbGQiOjExMDAyMTIsImV4cCI6MTc3OTE5MjQyOCwib3JpZ19pYXQiOjE3NzkxMDYwMjh9.UQfahyrGFkMDX0U4US_AqYXz0kSk-Y1Bru6TY-BxobE
1100219,perf_login_000220,eyJhbGciOiJIUzI1NiIsInR5cCI6IkpXVCJ9.eyJhY2Nlc3NfdG9rZW5fZmllbGQiOjExMDAyMTksImV4cCI6MTc3OTE5MjQyOCwib3JpZ19pYXQiOjE3NzkxMDYwMjh9.K2mFErCpJgmBVMpP9CVk8nJbutk3SamtuNL7TGE79Vs
1100220,perf_login_000221,eyJhbGciOiJIUzI1NiIsInR5cCI6IkpXVCJ9.eyJhY2Nlc3NfdG9rZW5fZmllbGQiOjExMDAyMjAsImV4cCI6MTc3OTE5MjQyOCwib3JpZ19pYXQiOjE3NzkxMDYwMjh9.37rZJosQqbh3GYSeIztbE0n2IplzGdraCuR1lFdh7Mo
1100218,perf_login_000219,eyJhbGciOiJIUzI1NiIsInR5cCI6IkpXVCJ9.eyJhY2Nlc3NfdG9rZW5fZmllbGQiOjExMDAyMTgsImV4cCI6MTc3OTE5MjQyOCwib3JpZ19pYXQiOjE3NzkxMDYwMjh9.I8B1rieBKor5hmLKS7HRd8qQSWFxxBhYSPOsPLui7Rs
1100221,perf_login_000222,eyJhbGciOiJIUzI1NiIsInR5cCI6IkpXVCJ9.eyJhY2Nlc3NfdG9rZW5fZmllbGQiOjExMDAyMjEsImV4cCI6MTc3OTE5MjQyOCwib3JpZ19pYXQiOjE3NzkxMDYwMjh9.THDsnoLsnkWc0wxIPdaMf9FuRIdAGF_e6Y6ipzt30MU
1100227,perf_login_000223,eyJhbGciOiJIUzI1NiIsInR5cCI6IkpXVCJ9.eyJhY2Nlc3NfdG9rZW5fZmllbGQiOjExMDAyMjcsImV4cCI6MTc3OTE5MjQyOCwib3JpZ19pYXQiOjE3NzkxMDYwMjh9.VjgA6Q5DUPpEl4lCmpFz_VvtAlJ0SMj7nuycUi79ZqI
1100228,perf_login_000229,eyJhbGciOiJIUzI1NiIsInR5cCI6IkpXVCJ9.eyJhY2Nlc3NfdG9rZW5fZmllbGQiOjExMDAyMjgsImV4cCI6MTc3OTE5MjQyOCwib3JpZ19pYXQiOjE3NzkxMDYwMjh9.neekwoPhRuEDmNl70XwI6U7Zia4DI7n-nodSTMaXavk
1100222,perf_login_000224,eyJhbGciOiJIUzI1NiIsInR5cCI6IkpXVCJ9.eyJhY2Nlc3NfdG9rZW5fZmllbGQiOjExMDAyMjIsImV4cCI6MTc3OTE5MjQyOCwib3JpZ19pYXQiOjE3NzkxMDYwMjh9.Adw8P5fM8CQqhGKkBSXWEt87jwedjuOV3QjnJf0lxHY
1100225,perf_login_000227,eyJhbGciOiJIUzI1NiIsInR5cCI6IkpXVCJ9.eyJhY2Nlc3NfdG9rZW5fZmllbGQiOjExMDAyMjUsImV4cCI6MTc3OTE5MjQyOSwib3JpZ19pYXQiOjE3NzkxMDYwMjl9.-zcr3IhKOd45tNFM7fbKFzDS_o75nA-nq6bs-yc8WhI
1100226,perf_login_000228,eyJhbGciOiJIUzI1NiIsInR5cCI6IkpXVCJ9.eyJhY2Nlc3NfdG9rZW5fZmllbGQiOjExMDAyMjYsImV4cCI6MTc3OTE5MjQyOSwib3JpZ19pYXQiOjE3NzkxMDYwMjl9.xCjW1r6TvLiIOumTbWr9dSzR-3Aqty-JF824QqQ-Fkw
1100223,perf_login_000226,eyJhbGciOiJIUzI1NiIsInR5cCI6IkpXVCJ9.eyJhY2Nlc3NfdG9rZW5fZmllbGQiOjExMDAyMjMsImV4cCI6MTc3OTE5MjQyOSwib3JpZ19pYXQiOjE3NzkxMDYwMjl9.9W-QeDozL834hl5LkLzW2VNGRxiIJaMa_I9GP3X916g
1100224,perf_login_000225,eyJhbGciOiJIUzI1NiIsInR5cCI6IkpXVCJ9.eyJhY2Nlc3NfdG9rZW5fZmllbGQiOjExMDAyMjQsImV4cCI6MTc3OTE5MjQyOSwib3JpZ19pYXQiOjE3NzkxMDYwMjl9.wfWsbdhXPNeZ0OOxnpn12pktsI7geRVMBahVF009oBY
1100230,perf_login_000231,eyJhbGciOiJIUzI1NiIsInR5cCI6IkpXVCJ9.eyJhY2Nlc3NfdG9rZW5fZmllbGQiOjExMDAyMzAsImV4cCI6MTc3OTE5MjQyOSwib3JpZ19pYXQiOjE3NzkxMDYwMjl9.IvNdRjp1wOHtlabOXI5wL8mo5TL2J0sSQTId_d8VnHY
1100229,perf_login_000230,eyJhbGciOiJIUzI1NiIsInR5cCI6IkpXVCJ9.eyJhY2Nlc3NfdG9rZW5fZmllbGQiOjExMDAyMjksImV4cCI6MTc3OTE5MjQyOSwib3JpZ19pYXQiOjE3NzkxMDYwMjl9.MceIOkE1ZMpy4DQBS6E4yQFGt1KyWt8aI0zX9YiSyPM
1100237,perf_login_000235,eyJhbGciOiJIUzI1NiIsInR5cCI6IkpXVCJ9.eyJhY2Nlc3NfdG9rZW5fZmllbGQiOjExMDAyMzcsImV4cCI6MTc3OTE5MjQyOSwib3JpZ19pYXQiOjE3NzkxMDYwMjl9.hFkhEB1iC25OHhW1OHAuGzkKtGmYRe3nNfTL0eozRIo
1100231,perf_login_000232,eyJhbGciOiJIUzI1NiIsInR5cCI6IkpXVCJ9.eyJhY2Nlc3NfdG9rZW5fZmllbGQiOjExMDAyMzEsImV4cCI6MTc3OTE5MjQyOSwib3JpZ19pYXQiOjE3NzkxMDYwMjl9.D7XzF3gSc1if_KWmqO374ehSyfy4bWIbVpbWV9gw_lY
1100236,perf_login_000238,eyJhbGciOiJIUzI1NiIsInR5cCI6IkpXVCJ9.eyJhY2Nlc3NfdG9rZW5fZmllbGQiOjExMDAyMzYsImV4cCI6MTc3OTE5MjQyOSwib3JpZ19pYXQiOjE3NzkxMDYwMjl9.Q_syo-pWRSG-FfOo9H90wJkJDfNFjVTfWEdKMSZegD4
1100232,perf_login_000233,eyJhbGciOiJIUzI1NiIsInR5cCI6IkpXVCJ9.eyJhY2Nlc3NfdG9rZW5fZmllbGQiOjExMDAyMzIsImV4cCI6MTc3OTE5MjQyOSwib3JpZ19pYXQiOjE3NzkxMDYwMjl9.xWyNu-DKakciO_MFL8N-frEpXlZNF-GYVU3lwnQOnro
1100238,perf_login_000239,eyJhbGciOiJIUzI1NiIsInR5cCI6IkpXVCJ9.eyJhY2Nlc3NfdG9rZW5fZmllbGQiOjExMDAyMzgsImV4cCI6MTc3OTE5MjQyOSwib3JpZ19pYXQiOjE3NzkxMDYwMjl9.VyoY8CUNejR8HnztqTxFrWLsI98iH0C9OBqsECnbS58
1100233,perf_login_000234,eyJhbGciOiJIUzI1NiIsInR5cCI6IkpXVCJ9.eyJhY2Nlc3NfdG9rZW5fZmllbGQiOjExMDAyMzMsImV4cCI6MTc3OTE5MjQyOSwib3JpZ19pYXQiOjE3NzkxMDYwMjl9.BkqW_wCIC63fORX6zshLKPPlKvFXj__kmeKuMoj6nag
1100235,perf_login_000237,eyJhbGciOiJIUzI1NiIsInR5cCI6IkpXVCJ9.eyJhY2Nlc3NfdG9rZW5fZmllbGQiOjExMDAyMzUsImV4cCI6MTc3OTE5MjQyOSwib3JpZ19pYXQiOjE3NzkxMDYwMjl9.SBMz-qdTinZVKoAXrh6kcEAwSER6uSdeUK5iVhxVyuc
1100234,perf_login_000236,eyJhbGciOiJIUzI1NiIsInR5cCI6IkpXVCJ9.eyJhY2Nlc3NfdG9rZW5fZmllbGQiOjExMDAyMzQsImV4cCI6MTc3OTE5MjQyOSwib3JpZ19pYXQiOjE3NzkxMDYwMjl9.mO-2pWHREHR-PiS4pEO8O3TnwOVC4bOk7gILwmpQ2ww
1100243,perf_login_000243,eyJhbGciOiJIUzI1NiIsInR5cCI6IkpXVCJ9.eyJhY2Nlc3NfdG9rZW5fZmllbGQiOjExMDAyNDMsImV4cCI6MTc3OTE5MjQyOSwib3JpZ19pYXQiOjE3NzkxMDYwMjl9.rvDyfJyURl32waO2ZPXKs8ibAB_-Sj173mb5nBK4bGc
1100239,perf_login_000240,eyJhbGciOiJIUzI1NiIsInR5cCI6IkpXVCJ9.eyJhY2Nlc3NfdG9rZW5fZmllbGQiOjExMDAyMzksImV4cCI6MTc3OTE5MjQyOSwib3JpZ19pYXQiOjE3NzkxMDYwMjl9.aN_F1VGAegCJdrBVWoXYwwEH_oP_0HgRngU7iAdzp7s
1100242,perf_login_000244,eyJhbGciOiJIUzI1NiIsInR5cCI6IkpXVCJ9.eyJhY2Nlc3NfdG9rZW5fZmllbGQiOjExMDAyNDIsImV4cCI6MTc3OTE5MjQyOSwib3JpZ19pYXQiOjE3NzkxMDYwMjl9.6ZNgwi5jAyYbRaNoAsYkYfnDx4QCHYXbkhbrOd8f34s
1100241,perf_login_000242,eyJhbGciOiJIUzI1NiIsInR5cCI6IkpXVCJ9.eyJhY2Nlc3NfdG9rZW5fZmllbGQiOjExMDAyNDEsImV4cCI6MTc3OTE5MjQyOSwib3JpZ19pYXQiOjE3NzkxMDYwMjl9.2pErKOy3glH3mCfan9tVBSne_kpLnBZyNHfYKJb4HwQ
1100240,perf_login_000241,eyJhbGciOiJIUzI1NiIsInR5cCI6IkpXVCJ9.eyJhY2Nlc3NfdG9rZW5fZmllbGQiOjExMDAyNDAsImV4cCI6MTc3OTE5MjQyOSwib3JpZ19pYXQiOjE3NzkxMDYwMjl9.yU8E0LK-Y2Fpj383V_zEZfDCIbjdbi0bdo8AMm9vmC0
1100246,perf_login_000245,eyJhbGciOiJIUzI1NiIsInR5cCI6IkpXVCJ9.eyJhY2Nlc3NfdG9rZW5fZmllbGQiOjExMDAyNDYsImV4cCI6MTc3OTE5MjQyOSwib3JpZ19pYXQiOjE3NzkxMDYwMjl9.xAEgy2sjt5XyXtQADCICv9f9hgeykO3SOyk8Hb8cF6g
1100245,perf_login_000247,eyJhbGciOiJIUzI1NiIsInR5cCI6IkpXVCJ9.eyJhY2Nlc3NfdG9rZW5fZmllbGQiOjExMDAyNDUsImV4cCI6MTc3OTE5MjQyOSwib3JpZ19pYXQiOjE3NzkxMDYwMjl9.Ld7xij5mScYcXRzLmj3weyat_EJkFrFF9WhRnRW09Qo
1100247,perf_login_000248,eyJhbGciOiJIUzI1NiIsInR5cCI6IkpXVCJ9.eyJhY2Nlc3NfdG9rZW5fZmllbGQiOjExMDAyNDcsImV4cCI6MTc3OTE5MjQyOSwib3JpZ19pYXQiOjE3NzkxMDYwMjl9.33RUhfs8YBcEVsEK1OIPcLeplrOLSldf-ISAtyZ1Co8
1100244,perf_login_000246,eyJhbGciOiJIUzI1NiIsInR5cCI6IkpXVCJ9.eyJhY2Nlc3NfdG9rZW5fZmllbGQiOjExMDAyNDQsImV4cCI6MTc3OTE5MjQyOSwib3JpZ19pYXQiOjE3NzkxMDYwMjl9.MxUt65k3dT5oeJBCkMtjlPEg0aeyLzxZEkzplkR-EwU
1100248,perf_login_000250,eyJhbGciOiJIUzI1NiIsInR5cCI6IkpXVCJ9.eyJhY2Nlc3NfdG9rZW5fZmllbGQiOjExMDAyNDgsImV4cCI6MTc3OTE5MjQyOSwib3JpZ19pYXQiOjE3NzkxMDYwMjl9.x7rmLAmhEPzO7TWRrcowMhDJy9Tkj9seFgp8zk5JgGs
1100252,perf_login_000252,eyJhbGciOiJIUzI1NiIsInR5cCI6IkpXVCJ9.eyJhY2Nlc3NfdG9rZW5fZmllbGQiOjExMDAyNTIsImV4cCI6MTc3OTE5MjQyOSwib3JpZ19pYXQiOjE3NzkxMDYwMjl9.WJfmGCdavI1C62y1AwUh6ME8o0kt1cskqfo4uvT0vtk
1100255,perf_login_000255,eyJhbGciOiJIUzI1NiIsInR5cCI6IkpXVCJ9.eyJhY2Nlc3NfdG9rZW5fZmllbGQiOjExMDAyNTUsImV4cCI6MTc3OTE5MjQyOSwib3JpZ19pYXQiOjE3NzkxMDYwMjl9.L2yFwSZyBLM44Ynx34iXdixsbzqwt930iUJrLjlixGI
1100256,perf_login_000258,eyJhbGciOiJIUzI1NiIsInR5cCI6IkpXVCJ9.eyJhY2Nlc3NfdG9rZW5fZmllbGQiOjExMDAyNTYsImV4cCI6MTc3OTE5MjQyOSwib3JpZ19pYXQiOjE3NzkxMDYwMjl9.Exf-HrCrTlR3ja6G09XJGucLFfRuo6KoTP6tnp-FIS0
1100254,perf_login_000256,eyJhbGciOiJIUzI1NiIsInR5cCI6IkpXVCJ9.eyJhY2Nlc3NfdG9rZW5fZmllbGQiOjExMDAyNTQsImV4cCI6MTc3OTE5MjQyOSwib3JpZ19pYXQiOjE3NzkxMDYwMjl9.u1YsDvt4wr7xVsKzo4O3feTuzcGLdiE1bJEfhTCF4C4
1100251,perf_login_000253,eyJhbGciOiJIUzI1NiIsInR5cCI6IkpXVCJ9.eyJhY2Nlc3NfdG9rZW5fZmllbGQiOjExMDAyNTEsImV4cCI6MTc3OTE5MjQyOSwib3JpZ19pYXQiOjE3NzkxMDYwMjl9.Q7otw3dX_iiuGDQ2eTSaysjbDPortPY3fWm1e0oLV-Y
1100250,perf_login_000251,eyJhbGciOiJIUzI1NiIsInR5cCI6IkpXVCJ9.eyJhY2Nlc3NfdG9rZW5fZmllbGQiOjExMDAyNTAsImV4cCI6MTc3OTE5MjQyOSwib3JpZ19pYXQiOjE3NzkxMDYwMjl9.NxRS_z0n59vxcHH0nLdTZWuvBAjmGQOGWuA58z0WCuk
1100253,perf_login_000254,eyJhbGciOiJIUzI1NiIsInR5cCI6IkpXVCJ9.eyJhY2Nlc3NfdG9rZW5fZmllbGQiOjExMDAyNTMsImV4cCI6MTc3OTE5MjQyOSwib3JpZ19pYXQiOjE3NzkxMDYwMjl9.vuwHJ2qZBqVGUHBuzqJkW6GB_5tGgLGBfuxJbblUaXI
1100249,perf_login_000249,eyJhbGciOiJIUzI1NiIsInR5cCI6IkpXVCJ9.eyJhY2Nlc3NfdG9rZW5fZmllbGQiOjExMDAyNDksImV4cCI6MTc3OTE5MjQyOSwib3JpZ19pYXQiOjE3NzkxMDYwMjl9.r5SRI-jMivQAqKlr4f7UJwmuIMgbL8bTQEwbga8rXMo
1100258,perf_login_000257,eyJhbGciOiJIUzI1NiIsInR5cCI6IkpXVCJ9.eyJhY2Nlc3NfdG9rZW5fZmllbGQiOjExMDAyNTgsImV4cCI6MTc3OTE5MjQyOSwib3JpZ19pYXQiOjE3NzkxMDYwMjl9.XZ9k9p0dIvgD_kA5SyQ4fEJjkEMUWZQnRIX_jzfbiNo
1100260,perf_login_000260,eyJhbGciOiJIUzI1NiIsInR5cCI6IkpXVCJ9.eyJhY2Nlc3NfdG9rZW5fZmllbGQiOjExMDAyNjAsImV4cCI6MTc3OTE5MjQyOSwib3JpZ19pYXQiOjE3NzkxMDYwMjl9.ADaeTKsRfMbbZ2YAW9RDkEbk82ndrlaFltAxACskysA
1100262,perf_login_000263,eyJhbGciOiJIUzI1NiIsInR5cCI6IkpXVCJ9.eyJhY2Nlc3NfdG9rZW5fZmllbGQiOjExMDAyNjIsImV4cCI6MTc3OTE5MjQyOSwib3JpZ19pYXQiOjE3NzkxMDYwMjl9.AYWxoFzV1vm01JEdaK_WJP604gqHYmDDVfjC4263fNc
1100265,perf_login_000266,eyJhbGciOiJIUzI1NiIsInR5cCI6IkpXVCJ9.eyJhY2Nlc3NfdG9rZW5fZmllbGQiOjExMDAyNjUsImV4cCI6MTc3OTE5MjQyOSwib3JpZ19pYXQiOjE3NzkxMDYwMjl9.QYXMcN_sGmkwPjtF_rzEC4kd4bqJfTvTdIia_u0_5ng
1100264,perf_login_000265,eyJhbGciOiJIUzI1NiIsInR5cCI6IkpXVCJ9.eyJhY2Nlc3NfdG9rZW5fZmllbGQiOjExMDAyNjQsImV4cCI6MTc3OTE5MjQyOSwib3JpZ19pYXQiOjE3NzkxMDYwMjl9.5YITeUvzt1o4W8fvX75ZYgqdyPU8XXwlJPmrOQFu7Ho
1100263,perf_login_000264,eyJhbGciOiJIUzI1NiIsInR5cCI6IkpXVCJ9.eyJhY2Nlc3NfdG9rZW5fZmllbGQiOjExMDAyNjMsImV4cCI6MTc3OTE5MjQyOSwib3JpZ19pYXQiOjE3NzkxMDYwMjl9.79X1I649eqxfrKnCDWn0RZE-SouEDLJGV8nTNhB1QfM
1100257,perf_login_000259,eyJhbGciOiJIUzI1NiIsInR5cCI6IkpXVCJ9.eyJhY2Nlc3NfdG9rZW5fZmllbGQiOjExMDAyNTcsImV4cCI6MTc3OTE5MjQyOSwib3JpZ19pYXQiOjE3NzkxMDYwMjl9.IGAfhbCHvjFkv_mvMDwS7ttHGajjX4k4a4FJUMFXJ74
1100259,perf_login_000261,eyJhbGciOiJIUzI1NiIsInR5cCI6IkpXVCJ9.eyJhY2Nlc3NfdG9rZW5fZmllbGQiOjExMDAyNTksImV4cCI6MTc3OTE5MjQyOSwib3JpZ19pYXQiOjE3NzkxMDYwMjl9.wZjgO3laZHd9KNgnhjsehyO_494hFCe4npI3zrFnosQ
1100261,perf_login_000262,eyJhbGciOiJIUzI1NiIsInR5cCI6IkpXVCJ9.eyJhY2Nlc3NfdG9rZW5fZmllbGQiOjExMDAyNjEsImV4cCI6MTc3OTE5MjQyOSwib3JpZ19pYXQiOjE3NzkxMDYwMjl9.tI0tpD_2aGw9KdgIB08TN3XOBllIG31UZQi5n8caJIc
1100273,perf_login_000274,eyJhbGciOiJIUzI1NiIsInR5cCI6IkpXVCJ9.eyJhY2Nlc3NfdG9rZW5fZmllbGQiOjExMDAyNzMsImV4cCI6MTc3OTE5MjQyOSwib3JpZ19pYXQiOjE3NzkxMDYwMjl9.gUGuFRsxj8CPfqI5SkX9saBBRFsPCA9z7HUh1MVIKnI
1100271,perf_login_000272,eyJhbGciOiJIUzI1NiIsInR5cCI6IkpXVCJ9.eyJhY2Nlc3NfdG9rZW5fZmllbGQiOjExMDAyNzEsImV4cCI6MTc3OTE5MjQyOSwib3JpZ19pYXQiOjE3NzkxMDYwMjl9.SzyAtSQd-NLgRgj6EAbnx_HpQb-W-61E39Oue1hhqYA
1100269,perf_login_000270,eyJhbGciOiJIUzI1NiIsInR5cCI6IkpXVCJ9.eyJhY2Nlc3NfdG9rZW5fZmllbGQiOjExMDAyNjksImV4cCI6MTc3OTE5MjQyOSwib3JpZ19pYXQiOjE3NzkxMDYwMjl9.xylbdf5F1IHK9Xr8uhATVRaPvGIZ2LgTln3RWNiAST0
1100270,perf_login_000271,eyJhbGciOiJIUzI1NiIsInR5cCI6IkpXVCJ9.eyJhY2Nlc3NfdG9rZW5fZmllbGQiOjExMDAyNzAsImV4cCI6MTc3OTE5MjQyOSwib3JpZ19pYXQiOjE3NzkxMDYwMjl9.bo_YB_XPMYDnuv2DSSoBtlBjRBHeXZvwA9ZQDI1Xvqc
1100272,perf_login_000273,eyJhbGciOiJIUzI1NiIsInR5cCI6IkpXVCJ9.eyJhY2Nlc3NfdG9rZW5fZmllbGQiOjExMDAyNzIsImV4cCI6MTc3OTE5MjQyOSwib3JpZ19pYXQiOjE3NzkxMDYwMjl9.zh6mB1uk1jvoqz9dRAjSnvN0vgQZm_cCWSy1xNMhva4
1100267,perf_login_000268,eyJhbGciOiJIUzI1NiIsInR5cCI6IkpXVCJ9.eyJhY2Nlc3NfdG9rZW5fZmllbGQiOjExMDAyNjcsImV4cCI6MTc3OTE5MjQyOSwib3JpZ19pYXQiOjE3NzkxMDYwMjl9.eRi5G9ruVhWflQJp4VSV2Udy9aIezWcjf1eQzOrSiKc
1100268,perf_login_000269,eyJhbGciOiJIUzI1NiIsInR5cCI6IkpXVCJ9.eyJhY2Nlc3NfdG9rZW5fZmllbGQiOjExMDAyNjgsImV4cCI6MTc3OTE5MjQyOSwib3JpZ19pYXQiOjE3NzkxMDYwMjl9.Pblz84w_egpZTWWnDw_py6mrpTaqGn5CTJ2Z80_AXRQ
1100266,perf_login_000267,eyJhbGciOiJIUzI1NiIsInR5cCI6IkpXVCJ9.eyJhY2Nlc3NfdG9rZW5fZmllbGQiOjExMDAyNjYsImV4cCI6MTc3OTE5MjQyOSwib3JpZ19pYXQiOjE3NzkxMDYwMjl9.Ttiptcrdk6wDq1qCz6uOYFZwvdaLquhSP8nuChY2ZHw
1100276,perf_login_000277,eyJhbGciOiJIUzI1NiIsInR5cCI6IkpXVCJ9.eyJhY2Nlc3NfdG9rZW5fZmllbGQiOjExMDAyNzYsImV4cCI6MTc3OTE5MjQyOSwib3JpZ19pYXQiOjE3NzkxMDYwMjl9.QDHvx7KGI9wspJ62W_WR3OdnfItlvF1dJJbuxxfpY50
1100278,perf_login_000279,eyJhbGciOiJIUzI1NiIsInR5cCI6IkpXVCJ9.eyJhY2Nlc3NfdG9rZW5fZmllbGQiOjExMDAyNzgsImV4cCI6MTc3OTE5MjQyOSwib3JpZ19pYXQiOjE3NzkxMDYwMjl9.MC5kP3oXQHV2RgZ6HAdaTP8d8P4jgB37JbNanC3x3Nk
1100277,perf_login_000278,eyJhbGciOiJIUzI1NiIsInR5cCI6IkpXVCJ9.eyJhY2Nlc3NfdG9rZW5fZmllbGQiOjExMDAyNzcsImV4cCI6MTc3OTE5MjQyOSwib3JpZ19pYXQiOjE3NzkxMDYwMjl9.WX44kmycapV6pdtO4bpP-dlaIPk6S_ivenlCQpmJEzQ
1100275,perf_login_000276,eyJhbGciOiJIUzI1NiIsInR5cCI6IkpXVCJ9.eyJhY2Nlc3NfdG9rZW5fZmllbGQiOjExMDAyNzUsImV4cCI6MTc3OTE5MjQzMCwib3JpZ19pYXQiOjE3NzkxMDYwMzB9.qk9ltEnrfuZjEhp5regdiUjj1IMyFVcq1SCZAMndPtU
1100279,perf_login_000280,eyJhbGciOiJIUzI1NiIsInR5cCI6IkpXVCJ9.eyJhY2Nlc3NfdG9rZW5fZmllbGQiOjExMDAyNzksImV4cCI6MTc3OTE5MjQzMCwib3JpZ19pYXQiOjE3NzkxMDYwMzB9.lpZ4LethrH6FUJ6m7kLcyMWaBM_mj4QxmM_2TjCJrY4
1100274,perf_login_000275,eyJhbGciOiJIUzI1NiIsInR5cCI6IkpXVCJ9.eyJhY2Nlc3NfdG9rZW5fZmllbGQiOjExMDAyNzQsImV4cCI6MTc3OTE5MjQzMCwib3JpZ19pYXQiOjE3NzkxMDYwMzB9.b21Y3ijSS2geZQYfSwMXAUPwAjz1WjIQ3xGnJwnu5cQ
1100282,perf_login_000282,eyJhbGciOiJIUzI1NiIsInR5cCI6IkpXVCJ9.eyJhY2Nlc3NfdG9rZW5fZmllbGQiOjExMDAyODIsImV4cCI6MTc3OTE5MjQzMCwib3JpZ19pYXQiOjE3NzkxMDYwMzB9.2nl8f_Ce7vAqwniWORUAtlAyHyX7GkU4GsdAeJyUf-0
1100280,perf_login_000281,eyJhbGciOiJIUzI1NiIsInR5cCI6IkpXVCJ9.eyJhY2Nlc3NfdG9rZW5fZmllbGQiOjExMDAyODAsImV4cCI6MTc3OTE5MjQzMCwib3JpZ19pYXQiOjE3NzkxMDYwMzB9.jm809WFJ5InGQYtzHPU0RX-ecsK0ZoAKSp7masPXGwA
1100291,perf_login_000292,eyJhbGciOiJIUzI1NiIsInR5cCI6IkpXVCJ9.eyJhY2Nlc3NfdG9rZW5fZmllbGQiOjExMDAyOTEsImV4cCI6MTc3OTE5MjQzMCwib3JpZ19pYXQiOjE3NzkxMDYwMzB9.4jI-J_ppnWOPaMdz-2petkfrME12fqJD8VQUx5WOtFo
1100289,perf_login_000290,eyJhbGciOiJIUzI1NiIsInR5cCI6IkpXVCJ9.eyJhY2Nlc3NfdG9rZW5fZmllbGQiOjExMDAyODksImV4cCI6MTc3OTE5MjQzMCwib3JpZ19pYXQiOjE3NzkxMDYwMzB9.JtTeL69vTZstzjmfU7ENTqv3k0Vunr5NynRFREqqS5Y
1100287,perf_login_000287,eyJhbGciOiJIUzI1NiIsInR5cCI6IkpXVCJ9.eyJhY2Nlc3NfdG9rZW5fZmllbGQiOjExMDAyODcsImV4cCI6MTc3OTE5MjQzMCwib3JpZ19pYXQiOjE3NzkxMDYwMzB9.viNhnBetoASpegbYmrWB5i4CLbcRQHC8wQi31CiK0Bc
1100286,perf_login_000288,eyJhbGciOiJIUzI1NiIsInR5cCI6IkpXVCJ9.eyJhY2Nlc3NfdG9rZW5fZmllbGQiOjExMDAyODYsImV4cCI6MTc3OTE5MjQzMCwib3JpZ19pYXQiOjE3NzkxMDYwMzB9.8T9aMcFRqfXIawcu_1W-eBWdxJYn2W_2_v0zZs_JQUo
1100283,perf_login_000284,eyJhbGciOiJIUzI1NiIsInR5cCI6IkpXVCJ9.eyJhY2Nlc3NfdG9rZW5fZmllbGQiOjExMDAyODMsImV4cCI6MTc3OTE5MjQzMCwib3JpZ19pYXQiOjE3NzkxMDYwMzB9.YGpVv6jwzCMhRj8JkWJLHuVqlevIhBEAiD1XOBd15V8
1100284,perf_login_000285,eyJhbGciOiJIUzI1NiIsInR5cCI6IkpXVCJ9.eyJhY2Nlc3NfdG9rZW5fZmllbGQiOjExMDAyODQsImV4cCI6MTc3OTE5MjQzMCwib3JpZ19pYXQiOjE3NzkxMDYwMzB9.Ox65eCf6et_4rJ1SKr-SCL0xYKv0isLNEUttaPza3Gs
1100290,perf_login_000291,eyJhbGciOiJIUzI1NiIsInR5cCI6IkpXVCJ9.eyJhY2Nlc3NfdG9rZW5fZmllbGQiOjExMDAyOTAsImV4cCI6MTc3OTE5MjQzMCwib3JpZ19pYXQiOjE3NzkxMDYwMzB9.Nz1qlrIfR5qioZ_GoJ96qfiBNieNwAkpedg1Bvg2a-Y
1100292,perf_login_000293,eyJhbGciOiJIUzI1NiIsInR5cCI6IkpXVCJ9.eyJhY2Nlc3NfdG9rZW5fZmllbGQiOjExMDAyOTIsImV4cCI6MTc3OTE5MjQzMCwib3JpZ19pYXQiOjE3NzkxMDYwMzB9.-9NdXXe-4f1WIywpCJzSoQgEOujv-bZW26n8oFOuD2o
1100298,perf_login_000299,eyJhbGciOiJIUzI1NiIsInR5cCI6IkpXVCJ9.eyJhY2Nlc3NfdG9rZW5fZmllbGQiOjExMDAyOTgsImV4cCI6MTc3OTE5MjQzMCwib3JpZ19pYXQiOjE3NzkxMDYwMzB9.BlzuUCgwZNfzDCY9CX3c8lxLGVlA6c37yN_bwwHDaKU
1100296,perf_login_000296,eyJhbGciOiJIUzI1NiIsInR5cCI6IkpXVCJ9.eyJhY2Nlc3NfdG9rZW5fZmllbGQiOjExMDAyOTYsImV4cCI6MTc3OTE5MjQzMCwib3JpZ19pYXQiOjE3NzkxMDYwMzB9.GmU7b-X_C4z03DYKAoFnOekEcwbsP5R72peJI1FWzjk
1100293,perf_login_000295,eyJhbGciOiJIUzI1NiIsInR5cCI6IkpXVCJ9.eyJhY2Nlc3NfdG9rZW5fZmllbGQiOjExMDAyOTMsImV4cCI6MTc3OTE5MjQzMCwib3JpZ19pYXQiOjE3NzkxMDYwMzB9.AVAxOK0aKCf4hx5OzWlV4_ZtPBXwn0n9PRG05jm2zfY
1100297,perf_login_000297,eyJhbGciOiJIUzI1NiIsInR5cCI6IkpXVCJ9.eyJhY2Nlc3NfdG9rZW5fZmllbGQiOjExMDAyOTcsImV4cCI6MTc3OTE5MjQzMCwib3JpZ19pYXQiOjE3NzkxMDYwMzB9.X672VPYZk6-13FLsy6Om-TrAXxDYuKgIykA4bkyDeq4
1100294,perf_login_000294,eyJhbGciOiJIUzI1NiIsInR5cCI6IkpXVCJ9.eyJhY2Nlc3NfdG9rZW5fZmllbGQiOjExMDAyOTQsImV4cCI6MTc3OTE5MjQzMCwib3JpZ19pYXQiOjE3NzkxMDYwMzB9.7wRqTltBJhAzRejfzGa7ESi45di-aFfiuZz9npXBEd8
1100295,perf_login_000298,eyJhbGciOiJIUzI1NiIsInR5cCI6IkpXVCJ9.eyJhY2Nlc3NfdG9rZW5fZmllbGQiOjExMDAyOTUsImV4cCI6MTc3OTE5MjQzMCwib3JpZ19pYXQiOjE3NzkxMDYwMzB9.3Ajz6ZcM1GFjHTNRbyBwASEMzPC09xVXZOpcXzeY_sA
1100299,perf_login_000300,eyJhbGciOiJIUzI1NiIsInR5cCI6IkpXVCJ9.eyJhY2Nlc3NfdG9rZW5fZmllbGQiOjExMDAyOTksImV4cCI6MTc3OTE5MjQzMCwib3JpZ19pYXQiOjE3NzkxMDYwMzB9.83XY-9c___fnKOfkJM0uDjcNMSodI9oeyfDNO8b98BA
1100310,perf_login_000301,eyJhbGciOiJIUzI1NiIsInR5cCI6IkpXVCJ9.eyJhY2Nlc3NfdG9rZW5fZmllbGQiOjExMDAzMTAsImV4cCI6MTc3OTE5MjQzMCwib3JpZ19pYXQiOjE3NzkxMDYwMzB9.o6JFfhrQ7DHGbIHkoQ7DI39e4Aj_Ic3El8lRp4Sk0bI
1100320,perf_login_000302,eyJhbGciOiJIUzI1NiIsInR5cCI6IkpXVCJ9.eyJhY2Nlc3NfdG9rZW5fZmllbGQiOjExMDAzMjAsImV4cCI6MTc3OTE5MjQzMCwib3JpZ19pYXQiOjE3NzkxMDYwMzB9.i1_PcNxBHEdPQStKGHZppHdjaY2pMCqZ-bW-7LGqAJk
1100305,perf_login_000308,eyJhbGciOiJIUzI1NiIsInR5cCI6IkpXVCJ9.eyJhY2Nlc3NfdG9rZW5fZmllbGQiOjExMDAzMDUsImV4cCI6MTc3OTE5MjQzMCwib3JpZ19pYXQiOjE3NzkxMDYwMzB9.tIBaz3PXILJEZXSPnJC7ADA77Sp54TzOhyKbHPWkkIs
1100302,perf_login_000305,eyJhbGciOiJIUzI1NiIsInR5cCI6IkpXVCJ9.eyJhY2Nlc3NfdG9rZW5fZmllbGQiOjExMDAzMDIsImV4cCI6MTc3OTE5MjQzMCwib3JpZ19pYXQiOjE3NzkxMDYwMzB9.Qi4a_up3fBiZlcnx8935vb-Vo-iAMLCb4XeYUIuy6to
1100323,perf_login_000307,eyJhbGciOiJIUzI1NiIsInR5cCI6IkpXVCJ9.eyJhY2Nlc3NfdG9rZW5fZmllbGQiOjExMDAzMjMsImV4cCI6MTc3OTE5MjQzMCwib3JpZ19pYXQiOjE3NzkxMDYwMzB9.qdWWCKzAarRNhXLFdE2c_d3v2z2I41UJmZYM4YV7F-w
1100322,perf_login_000306,eyJhbGciOiJIUzI1NiIsInR5cCI6IkpXVCJ9.eyJhY2Nlc3NfdG9rZW5fZmllbGQiOjExMDAzMjIsImV4cCI6MTc3OTE5MjQzMCwib3JpZ19pYXQiOjE3NzkxMDYwMzB9.ueluN5TJI9TN9evRoADVCo4DBM6jriWLbYRtgA1inxw
1100301,perf_login_000304,eyJhbGciOiJIUzI1NiIsInR5cCI6IkpXVCJ9.eyJhY2Nlc3NfdG9rZW5fZmllbGQiOjExMDAzMDEsImV4cCI6MTc3OTE5MjQzMCwib3JpZ19pYXQiOjE3NzkxMDYwMzB9.eBqo40BuOGtD8tLhX_gOyhGT_d5Fo6yF93Ymgq_8F8k
1100321,perf_login_000303,eyJhbGciOiJIUzI1NiIsInR5cCI6IkpXVCJ9.eyJhY2Nlc3NfdG9rZW5fZmllbGQiOjExMDAzMjEsImV4cCI6MTc3OTE5MjQzMCwib3JpZ19pYXQiOjE3NzkxMDYwMzB9.-c0_wPxrVPdw4EQbaYNfwoKIeBDxEymug5lKZwWduMI
1100324,perf_login_000309,eyJhbGciOiJIUzI1NiIsInR5cCI6IkpXVCJ9.eyJhY2Nlc3NfdG9rZW5fZmllbGQiOjExMDAzMjQsImV4cCI6MTc3OTE5MjQzMCwib3JpZ19pYXQiOjE3NzkxMDYwMzB9.ZAEfT6HyN-pzLbacBFDmxPfeDpu2c6wzkHLK8vN7nxA
1100303,perf_login_000311,eyJhbGciOiJIUzI1NiIsInR5cCI6IkpXVCJ9.eyJhY2Nlc3NfdG9rZW5fZmllbGQiOjExMDAzMDMsImV4cCI6MTc3OTE5MjQzMCwib3JpZ19pYXQiOjE3NzkxMDYwMzB9.tRgblx45SN_1oTfNMZrDm-ZqtETJDnqCCFe6FCdUYLo
1100309,perf_login_000315,eyJhbGciOiJIUzI1NiIsInR5cCI6IkpXVCJ9.eyJhY2Nlc3NfdG9rZW5fZmllbGQiOjExMDAzMDksImV4cCI6MTc3OTE5MjQzMCwib3JpZ19pYXQiOjE3NzkxMDYwMzB9.iSvM4gOml6_peHPZHfVbsV77FJnKjjcZL64KcNFKlw8
1100308,perf_login_000317,eyJhbGciOiJIUzI1NiIsInR5cCI6IkpXVCJ9.eyJhY2Nlc3NfdG9rZW5fZmllbGQiOjExMDAzMDgsImV4cCI6MTc3OTE5MjQzMCwib3JpZ19pYXQiOjE3NzkxMDYwMzB9.lEZwtqO0MFOi2MwZjngNqz-2eUOvjJy0VNLBrY1l8JA
1100326,perf_login_000314,eyJhbGciOiJIUzI1NiIsInR5cCI6IkpXVCJ9.eyJhY2Nlc3NfdG9rZW5fZmllbGQiOjExMDAzMjYsImV4cCI6MTc3OTE5MjQzMCwib3JpZ19pYXQiOjE3NzkxMDYwMzB9.02X5-uFRYUSyIWCZeV4dxfrLkqVWD3_vGBG5XN3yoVA
1100325,perf_login_000310,eyJhbGciOiJIUzI1NiIsInR5cCI6IkpXVCJ9.eyJhY2Nlc3NfdG9rZW5fZmllbGQiOjExMDAzMjUsImV4cCI6MTc3OTE5MjQzMCwib3JpZ19pYXQiOjE3NzkxMDYwMzB9.BzinJdYDC6GJMajPczloWIJYNLOUYUBBO5NHgYB60J8
1100312,perf_login_000312,eyJhbGciOiJIUzI1NiIsInR5cCI6IkpXVCJ9.eyJhY2Nlc3NfdG9rZW5fZmllbGQiOjExMDAzMTIsImV4cCI6MTc3OTE5MjQzMCwib3JpZ19pYXQiOjE3NzkxMDYwMzB9.l7Y3huVL7thMS-ALqMQLmm_ZY5KAtTD6QLbkv3WcyYc
1100300,perf_login_000313,eyJhbGciOiJIUzI1NiIsInR5cCI6IkpXVCJ9.eyJhY2Nlc3NfdG9rZW5fZmllbGQiOjExMDAzMDAsImV4cCI6MTc3OTE5MjQzMCwib3JpZ19pYXQiOjE3NzkxMDYwMzB9.3rDxQryF3bQQNA5s6x0DU4tCxn-_48TxQxH5CYXN8hc
1100327,perf_login_000316,eyJhbGciOiJIUzI1NiIsInR5cCI6IkpXVCJ9.eyJhY2Nlc3NfdG9rZW5fZmllbGQiOjExMDAzMjcsImV4cCI6MTc3OTE5MjQzMCwib3JpZ19pYXQiOjE3NzkxMDYwMzB9.gK4HFjLX9r8S5Vj8w-hpign-vTRv3d01_RKMe-vOeY4
1100306,perf_login_000320,eyJhbGciOiJIUzI1NiIsInR5cCI6IkpXVCJ9.eyJhY2Nlc3NfdG9rZW5fZmllbGQiOjExMDAzMDYsImV4cCI6MTc3OTE5MjQzMCwib3JpZ19pYXQiOjE3NzkxMDYwMzB9.i5SEKRk6ZZp7aARiPDcnx-gyiMMms9QITLW_uBnIg5c
1100313,perf_login_000322,eyJhbGciOiJIUzI1NiIsInR5cCI6IkpXVCJ9.eyJhY2Nlc3NfdG9rZW5fZmllbGQiOjExMDAzMTMsImV4cCI6MTc3OTE5MjQzMCwib3JpZ19pYXQiOjE3NzkxMDYwMzB9.7G-AEdPWxWg-ZZUyxwgohPoe3VsjWXD-QKu3NlrI7HA
1100307,perf_login_000319,eyJhbGciOiJIUzI1NiIsInR5cCI6IkpXVCJ9.eyJhY2Nlc3NfdG9rZW5fZmllbGQiOjExMDAzMDcsImV4cCI6MTc3OTE5MjQzMCwib3JpZ19pYXQiOjE3NzkxMDYwMzB9.0yzMO9j02KKlx4DlQ2d03kC2k8prLN2FXLvmkD--kTw
1100328,perf_login_000323,eyJhbGciOiJIUzI1NiIsInR5cCI6IkpXVCJ9.eyJhY2Nlc3NfdG9rZW5fZmllbGQiOjExMDAzMjgsImV4cCI6MTc3OTE5MjQzMCwib3JpZ19pYXQiOjE3NzkxMDYwMzB9.Z-BpLjXBiwN6jaw25vbdLyTQt_pFtv84RdcRBXiXjqQ
1100311,perf_login_000318,eyJhbGciOiJIUzI1NiIsInR5cCI6IkpXVCJ9.eyJhY2Nlc3NfdG9rZW5fZmllbGQiOjExMDAzMTEsImV4cCI6MTc3OTE5MjQzMCwib3JpZ19pYXQiOjE3NzkxMDYwMzB9.8IGuhsmHx3CDQLrd6cd2IO1O1Tlgs7TrNU4rqNl8l20
1100304,perf_login_000321,eyJhbGciOiJIUzI1NiIsInR5cCI6IkpXVCJ9.eyJhY2Nlc3NfdG9rZW5fZmllbGQiOjExMDAzMDQsImV4cCI6MTc3OTE5MjQzMCwib3JpZ19pYXQiOjE3NzkxMDYwMzB9.C2XpUh2V9IFFknJwace4FyD6lrVX3_w5bmxl9s68haY
1100332,perf_login_000327,eyJhbGciOiJIUzI1NiIsInR5cCI6IkpXVCJ9.eyJhY2Nlc3NfdG9rZW5fZmllbGQiOjExMDAzMzIsImV4cCI6MTc3OTE5MjQzMCwib3JpZ19pYXQiOjE3NzkxMDYwMzB9.2DTdjdaGyF54Zu3VRy5E97YTtTu7ufp054bk5FRjxI0
1100331,perf_login_000326,eyJhbGciOiJIUzI1NiIsInR5cCI6IkpXVCJ9.eyJhY2Nlc3NfdG9rZW5fZmllbGQiOjExMDAzMzEsImV4cCI6MTc3OTE5MjQzMCwib3JpZ19pYXQiOjE3NzkxMDYwMzB9.n9MM1_mnhu7G8MRHrJcTrOKXj9K1jwPIEpDsatH40LM
1100330,perf_login_000325,eyJhbGciOiJIUzI1NiIsInR5cCI6IkpXVCJ9.eyJhY2Nlc3NfdG9rZW5fZmllbGQiOjExMDAzMzAsImV4cCI6MTc3OTE5MjQzMCwib3JpZ19pYXQiOjE3NzkxMDYwMzB9.qKYwBxzxNKIlhfUQfB0FMMO1FziggWiR5nZNC74Uxo0
1100329,perf_login_000324,eyJhbGciOiJIUzI1NiIsInR5cCI6IkpXVCJ9.eyJhY2Nlc3NfdG9rZW5fZmllbGQiOjExMDAzMjksImV4cCI6MTc3OTE5MjQzMCwib3JpZ19pYXQiOjE3NzkxMDYwMzB9.H294GrWxiJcmIqmK5vR1cX0tE0ozktkYAYwWDUZ3bkI
1100334,perf_login_000329,eyJhbGciOiJIUzI1NiIsInR5cCI6IkpXVCJ9.eyJhY2Nlc3NfdG9rZW5fZmllbGQiOjExMDAzMzQsImV4cCI6MTc3OTE5MjQzMCwib3JpZ19pYXQiOjE3NzkxMDYwMzB9.1G1F43fga60iOUaUPYydIn9gH8J_Ip6isH0x1rIRqco
1100333,perf_login_000328,eyJhbGciOiJIUzI1NiIsInR5cCI6IkpXVCJ9.eyJhY2Nlc3NfdG9rZW5fZmllbGQiOjExMDAzMzMsImV4cCI6MTc3OTE5MjQzMCwib3JpZ19pYXQiOjE3NzkxMDYwMzB9.Bk9U8UC0p-Z-YDP97y-UYH3rOVVcB12pySWzHW1TeqY
1100335,perf_login_000330,eyJhbGciOiJIUzI1NiIsInR5cCI6IkpXVCJ9.eyJhY2Nlc3NfdG9rZW5fZmllbGQiOjExMDAzMzUsImV4cCI6MTc3OTE5MjQzMSwib3JpZ19pYXQiOjE3NzkxMDYwMzF9.2yQEnyMF5aVUMFKEFgX4MG2mryS2HYUMbIy0CsRr95k
1100336,perf_login_000331,eyJhbGciOiJIUzI1NiIsInR5cCI6IkpXVCJ9.eyJhY2Nlc3NfdG9rZW5fZmllbGQiOjExMDAzMzYsImV4cCI6MTc3OTE5MjQzMSwib3JpZ19pYXQiOjE3NzkxMDYwMzF9.P8OSF5ZQdI_ychr7YBQ4RswbXEHKkpw9phP0neignew
1100337,perf_login_000332,eyJhbGciOiJIUzI1NiIsInR5cCI6IkpXVCJ9.eyJhY2Nlc3NfdG9rZW5fZmllbGQiOjExMDAzMzcsImV4cCI6MTc3OTE5MjQzMSwib3JpZ19pYXQiOjE3NzkxMDYwMzF9.cNcEV54zMKdLYJhtCTdoETVIvUqiylgdAU2uTZOwq-k
1100342,perf_login_000334,eyJhbGciOiJIUzI1NiIsInR5cCI6IkpXVCJ9.eyJhY2Nlc3NfdG9rZW5fZmllbGQiOjExMDAzNDIsImV4cCI6MTc3OTE5MjQzMSwib3JpZ19pYXQiOjE3NzkxMDYwMzF9.wWwSn6pN4gvx5CsBXkdZVqwwK-NSU3Xd6wieLtrUs4w
1100341,perf_login_000337,eyJhbGciOiJIUzI1NiIsInR5cCI6IkpXVCJ9.eyJhY2Nlc3NfdG9rZW5fZmllbGQiOjExMDAzNDEsImV4cCI6MTc3OTE5MjQzMSwib3JpZ19pYXQiOjE3NzkxMDYwMzF9.MtKEK3cbgEo07Ylpmb1OyXef9JaRal0gDSOuQXNnU1k
1100339,perf_login_000336,eyJhbGciOiJIUzI1NiIsInR5cCI6IkpXVCJ9.eyJhY2Nlc3NfdG9rZW5fZmllbGQiOjExMDAzMzksImV4cCI6MTc3OTE5MjQzMSwib3JpZ19pYXQiOjE3NzkxMDYwMzF9.vIqTA1lqpD0ERu6Un7INI0Vg6fCKn03bRwwBY3AlRfs
1100340,perf_login_000335,eyJhbGciOiJIUzI1NiIsInR5cCI6IkpXVCJ9.eyJhY2Nlc3NfdG9rZW5fZmllbGQiOjExMDAzNDAsImV4cCI6MTc3OTE5MjQzMSwib3JpZ19pYXQiOjE3NzkxMDYwMzF9.l0V_ElHoNs0xrAIzFbU_hanTNxV8Dv5M4Z4_Ad4Lf10
1100338,perf_login_000333,eyJhbGciOiJIUzI1NiIsInR5cCI6IkpXVCJ9.eyJhY2Nlc3NfdG9rZW5fZmllbGQiOjExMDAzMzgsImV4cCI6MTc3OTE5MjQzMSwib3JpZ19pYXQiOjE3NzkxMDYwMzF9.ISxlNabdbkVtZ3Y9BpQqSzd1auDfb6p-eNUf7Lz8qF8
1100343,perf_login_000338,eyJhbGciOiJIUzI1NiIsInR5cCI6IkpXVCJ9.eyJhY2Nlc3NfdG9rZW5fZmllbGQiOjExMDAzNDMsImV4cCI6MTc3OTE5MjQzMSwib3JpZ19pYXQiOjE3NzkxMDYwMzF9.LB8d8A1ZWj7rNdWP_iD91jhcBS4HWGAPn7r9upin4vQ
1100344,perf_login_000339,eyJhbGciOiJIUzI1NiIsInR5cCI6IkpXVCJ9.eyJhY2Nlc3NfdG9rZW5fZmllbGQiOjExMDAzNDQsImV4cCI6MTc3OTE5MjQzMSwib3JpZ19pYXQiOjE3NzkxMDYwMzF9.THL8VDfEEDGSCe0Jz7QcfricJj4yI80MkvaLvcD_DRc
1100346,perf_login_000341,eyJhbGciOiJIUzI1NiIsInR5cCI6IkpXVCJ9.eyJhY2Nlc3NfdG9rZW5fZmllbGQiOjExMDAzNDYsImV4cCI6MTc3OTE5MjQzMSwib3JpZ19pYXQiOjE3NzkxMDYwMzF9.ktMLkYmXTLrVKHQLk63ci0X9-6GzoddHxMDJkBVyuh0
1100349,perf_login_000344,eyJhbGciOiJIUzI1NiIsInR5cCI6IkpXVCJ9.eyJhY2Nlc3NfdG9rZW5fZmllbGQiOjExMDAzNDksImV4cCI6MTc3OTE5MjQzMSwib3JpZ19pYXQiOjE3NzkxMDYwMzF9.fIk7hqjuE5Oq7leOyX3idMcjiZWY3GM49izsKpFQ7vY
1100350,perf_login_000343,eyJhbGciOiJIUzI1NiIsInR5cCI6IkpXVCJ9.eyJhY2Nlc3NfdG9rZW5fZmllbGQiOjExMDAzNTAsImV4cCI6MTc3OTE5MjQzMSwib3JpZ19pYXQiOjE3NzkxMDYwMzF9.q97Vjh7KDnD6-y_TCLYEL5xgMVZZufS5W4cMBy5YLZw
1100348,perf_login_000345,eyJhbGciOiJIUzI1NiIsInR5cCI6IkpXVCJ9.eyJhY2Nlc3NfdG9rZW5fZmllbGQiOjExMDAzNDgsImV4cCI6MTc3OTE5MjQzMSwib3JpZ19pYXQiOjE3NzkxMDYwMzF9.2WoOc1dgpxfUbPg6_bBABbo5xsP2NM4xrIRJk3jo_ww
1100347,perf_login_000342,eyJhbGciOiJIUzI1NiIsInR5cCI6IkpXVCJ9.eyJhY2Nlc3NfdG9rZW5fZmllbGQiOjExMDAzNDcsImV4cCI6MTc3OTE5MjQzMSwib3JpZ19pYXQiOjE3NzkxMDYwMzF9.UjN7ieW_OkqPwEEkDi7ExF90Vjt47wzMCw9V6ddKZQw
1100345,perf_login_000340,eyJhbGciOiJIUzI1NiIsInR5cCI6IkpXVCJ9.eyJhY2Nlc3NfdG9rZW5fZmllbGQiOjExMDAzNDUsImV4cCI6MTc3OTE5MjQzMSwib3JpZ19pYXQiOjE3NzkxMDYwMzF9.aI2x7lITYMTukHPXJId-jMBHRUQRdTkv2h3T4rUXy1w
1100351,perf_login_000346,eyJhbGciOiJIUzI1NiIsInR5cCI6IkpXVCJ9.eyJhY2Nlc3NfdG9rZW5fZmllbGQiOjExMDAzNTEsImV4cCI6MTc3OTE5MjQzMSwib3JpZ19pYXQiOjE3NzkxMDYwMzF9.Fgsc7BMwp1I8uCv5K3HgMRoUY97mSQGuNjDmA-Zt7Yg
1100353,perf_login_000349,eyJhbGciOiJIUzI1NiIsInR5cCI6IkpXVCJ9.eyJhY2Nlc3NfdG9rZW5fZmllbGQiOjExMDAzNTMsImV4cCI6MTc3OTE5MjQzMSwib3JpZ19pYXQiOjE3NzkxMDYwMzF9.Mlcs2uSHDtn3wRistGRJcHZLH6iQ3r1kB2sbdt80XAI
1100356,perf_login_000350,eyJhbGciOiJIUzI1NiIsInR5cCI6IkpXVCJ9.eyJhY2Nlc3NfdG9rZW5fZmllbGQiOjExMDAzNTYsImV4cCI6MTc3OTE5MjQzMSwib3JpZ19pYXQiOjE3NzkxMDYwMzF9.Bc2KbYlIJjezYk8No6V-A15ETf7PJtLZsV9SVYVWfXk
1100357,perf_login_000352,eyJhbGciOiJIUzI1NiIsInR5cCI6IkpXVCJ9.eyJhY2Nlc3NfdG9rZW5fZmllbGQiOjExMDAzNTcsImV4cCI6MTc3OTE5MjQzMSwib3JpZ19pYXQiOjE3NzkxMDYwMzF9.J_nSY8cLlXTtAp_LrnY7DleIGjKPgVqOh5yqMkffkF0
1100354,perf_login_000348,eyJhbGciOiJIUzI1NiIsInR5cCI6IkpXVCJ9.eyJhY2Nlc3NfdG9rZW5fZmllbGQiOjExMDAzNTQsImV4cCI6MTc3OTE5MjQzMSwib3JpZ19pYXQiOjE3NzkxMDYwMzF9.NnqyR1CebubsnlLaKDlKm6VHVg_tFEefd8_i_dXqVpk
1100352,perf_login_000347,eyJhbGciOiJIUzI1NiIsInR5cCI6IkpXVCJ9.eyJhY2Nlc3NfdG9rZW5fZmllbGQiOjExMDAzNTIsImV4cCI6MTc3OTE5MjQzMSwib3JpZ19pYXQiOjE3NzkxMDYwMzF9.npMmMHiMr6Ikogb-YBfebVuoE3OLOi4BaL-sHz2vZ14
1100358,perf_login_000354,eyJhbGciOiJIUzI1NiIsInR5cCI6IkpXVCJ9.eyJhY2Nlc3NfdG9rZW5fZmllbGQiOjExMDAzNTgsImV4cCI6MTc3OTE5MjQzMSwib3JpZ19pYXQiOjE3NzkxMDYwMzF9.cvaZrby8h-ux_YBCDQx5jx-T2syDCLNcowVBZIwNKPs
1100355,perf_login_000351,eyJhbGciOiJIUzI1NiIsInR5cCI6IkpXVCJ9.eyJhY2Nlc3NfdG9rZW5fZmllbGQiOjExMDAzNTUsImV4cCI6MTc3OTE5MjQzMSwib3JpZ19pYXQiOjE3NzkxMDYwMzF9.c9m62EQRpp17SoXYEcOsrRPzxT6f1cQQjt4G1ug8ZoE
1100359,perf_login_000353,eyJhbGciOiJIUzI1NiIsInR5cCI6IkpXVCJ9.eyJhY2Nlc3NfdG9rZW5fZmllbGQiOjExMDAzNTksImV4cCI6MTc3OTE5MjQzMSwib3JpZ19pYXQiOjE3NzkxMDYwMzF9.xaWogdG1A1m6t855b3A-0Z5uusVKSKfAedQ7HdRM0zA
1100362,perf_login_000358,eyJhbGciOiJIUzI1NiIsInR5cCI6IkpXVCJ9.eyJhY2Nlc3NfdG9rZW5fZmllbGQiOjExMDAzNjIsImV4cCI6MTc3OTE5MjQzMSwib3JpZ19pYXQiOjE3NzkxMDYwMzF9.eUHY4duOOIc_EE63IzSJz0fBNMzY-bH_mcJ1VbEu-oA
1100361,perf_login_000356,eyJhbGciOiJIUzI1NiIsInR5cCI6IkpXVCJ9.eyJhY2Nlc3NfdG9rZW5fZmllbGQiOjExMDAzNjEsImV4cCI6MTc3OTE5MjQzMSwib3JpZ19pYXQiOjE3NzkxMDYwMzF9.BWuSrGDC4f4rr5xU3GbAfyF2l2omHCBF1BJaYDjVAFY
1100364,perf_login_000359,eyJhbGciOiJIUzI1NiIsInR5cCI6IkpXVCJ9.eyJhY2Nlc3NfdG9rZW5fZmllbGQiOjExMDAzNjQsImV4cCI6MTc3OTE5MjQzMSwib3JpZ19pYXQiOjE3NzkxMDYwMzF9.RASjDwLX1echmf5ih0z0fNaSrmzikgjYSevapC7b51Q
1100360,perf_login_000355,eyJhbGciOiJIUzI1NiIsInR5cCI6IkpXVCJ9.eyJhY2Nlc3NfdG9rZW5fZmllbGQiOjExMDAzNjAsImV4cCI6MTc3OTE5MjQzMSwib3JpZ19pYXQiOjE3NzkxMDYwMzF9.HiLFAy2gYbvYZZUgfdYFRCMyNObnlNUdXXS3aliTEuI
1100363,perf_login_000357,eyJhbGciOiJIUzI1NiIsInR5cCI6IkpXVCJ9.eyJhY2Nlc3NfdG9rZW5fZmllbGQiOjExMDAzNjMsImV4cCI6MTc3OTE5MjQzMSwib3JpZ19pYXQiOjE3NzkxMDYwMzF9.4NEPluHQYz39rqNBQXopkWcqSnsDwCjr5ojPTAP9e3M
1100365,perf_login_000360,eyJhbGciOiJIUzI1NiIsInR5cCI6IkpXVCJ9.eyJhY2Nlc3NfdG9rZW5fZmllbGQiOjExMDAzNjUsImV4cCI6MTc3OTE5MjQzMSwib3JpZ19pYXQiOjE3NzkxMDYwMzF9.la3aG3_hijK_HnOhbneegr2rpHtmSdgiKtCCB97tt5A
1100366,perf_login_000361,eyJhbGciOiJIUzI1NiIsInR5cCI6IkpXVCJ9.eyJhY2Nlc3NfdG9rZW5fZmllbGQiOjExMDAzNjYsImV4cCI6MTc3OTE5MjQzMSwib3JpZ19pYXQiOjE3NzkxMDYwMzF9.hPsCztkUroahX3h41e9n8AT1OYryhP2D2OPtQeDfEfA
1100367,perf_login_000362,eyJhbGciOiJIUzI1NiIsInR5cCI6IkpXVCJ9.eyJhY2Nlc3NfdG9rZW5fZmllbGQiOjExMDAzNjcsImV4cCI6MTc3OTE5MjQzMSwib3JpZ19pYXQiOjE3NzkxMDYwMzF9.viRDWi5dyQCEwU4rYLwAqJfgbIyMz642UsSmu-yp_0w
1100370,perf_login_000365,eyJhbGciOiJIUzI1NiIsInR5cCI6IkpXVCJ9.eyJhY2Nlc3NfdG9rZW5fZmllbGQiOjExMDAzNzAsImV4cCI6MTc3OTE5MjQzMSwib3JpZ19pYXQiOjE3NzkxMDYwMzF9.uEbspveVAaVdk05J20IY7bTNVQ17zufzPdjabToGFAM
1100371,perf_login_000366,eyJhbGciOiJIUzI1NiIsInR5cCI6IkpXVCJ9.eyJhY2Nlc3NfdG9rZW5fZmllbGQiOjExMDAzNzEsImV4cCI6MTc3OTE5MjQzMSwib3JpZ19pYXQiOjE3NzkxMDYwMzF9.NzskBiSdV_gIxuJtq5nHUCmBihwfdVrdj9NJRlJy71A
1100368,perf_login_000363,eyJhbGciOiJIUzI1NiIsInR5cCI6IkpXVCJ9.eyJhY2Nlc3NfdG9rZW5fZmllbGQiOjExMDAzNjgsImV4cCI6MTc3OTE5MjQzMSwib3JpZ19pYXQiOjE3NzkxMDYwMzF9.KxG7n7E_OpB2YGRI8SfEQQQTxZG3FbfoAcBe7y-qp0A
1100372,perf_login_000368,eyJhbGciOiJIUzI1NiIsInR5cCI6IkpXVCJ9.eyJhY2Nlc3NfdG9rZW5fZmllbGQiOjExMDAzNzIsImV4cCI6MTc3OTE5MjQzMSwib3JpZ19pYXQiOjE3NzkxMDYwMzF9.vwO19_rIOlmRyIRdBrOsS-i7i0iF1_gnOLrq7ErLHqU
1100369,perf_login_000364,eyJhbGciOiJIUzI1NiIsInR5cCI6IkpXVCJ9.eyJhY2Nlc3NfdG9rZW5fZmllbGQiOjExMDAzNjksImV4cCI6MTc3OTE5MjQzMSwib3JpZ19pYXQiOjE3NzkxMDYwMzF9.PjuIXyFqrZ89Z-AB-9pzWW9FZz-qCUFTr2aI_5l60Dw
1100374,perf_login_000369,eyJhbGciOiJIUzI1NiIsInR5cCI6IkpXVCJ9.eyJhY2Nlc3NfdG9rZW5fZmllbGQiOjExMDAzNzQsImV4cCI6MTc3OTE5MjQzMSwib3JpZ19pYXQiOjE3NzkxMDYwMzF9.PpNmJqjd-ASnVivxPkTTsPik4oknwc65f9cPQDHHGLE
1100375,perf_login_000370,eyJhbGciOiJIUzI1NiIsInR5cCI6IkpXVCJ9.eyJhY2Nlc3NfdG9rZW5fZmllbGQiOjExMDAzNzUsImV4cCI6MTc3OTE5MjQzMSwib3JpZ19pYXQiOjE3NzkxMDYwMzF9.MMvCS0VHOrmXY3h-eMPWzGIJe_niRqfHss3IKA67ngM
1100373,perf_login_000367,eyJhbGciOiJIUzI1NiIsInR5cCI6IkpXVCJ9.eyJhY2Nlc3NfdG9rZW5fZmllbGQiOjExMDAzNzMsImV4cCI6MTc3OTE5MjQzMSwib3JpZ19pYXQiOjE3NzkxMDYwMzF9.rKLVPxD9CRNfP8iYk9x6E2U6_rjurXBaLwhYlIr2okU
1100382,perf_login_000377,eyJhbGciOiJIUzI1NiIsInR5cCI6IkpXVCJ9.eyJhY2Nlc3NfdG9rZW5fZmllbGQiOjExMDAzODIsImV4cCI6MTc3OTE5MjQzMiwib3JpZ19pYXQiOjE3NzkxMDYwMzJ9.DZdfbKhXY6kdX_wi0dIicDzMk-J6sZYlhAtbXEwZSe4
1100378,perf_login_000373,eyJhbGciOiJIUzI1NiIsInR5cCI6IkpXVCJ9.eyJhY2Nlc3NfdG9rZW5fZmllbGQiOjExMDAzNzgsImV4cCI6MTc3OTE5MjQzMiwib3JpZ19pYXQiOjE3NzkxMDYwMzJ9.6fGar3Vhjtt2yyAXEu8Ndd36fP778orNb02tC5GM-Rg
1100381,perf_login_000376,eyJhbGciOiJIUzI1NiIsInR5cCI6IkpXVCJ9.eyJhY2Nlc3NfdG9rZW5fZmllbGQiOjExMDAzODEsImV4cCI6MTc3OTE5MjQzMiwib3JpZ19pYXQiOjE3NzkxMDYwMzJ9.l7j5bBDLG5jY-ecPTIxAbiCyzjnF5eSSQLE-eOajRl8
1100377,perf_login_000372,eyJhbGciOiJIUzI1NiIsInR5cCI6IkpXVCJ9.eyJhY2Nlc3NfdG9rZW5fZmllbGQiOjExMDAzNzcsImV4cCI6MTc3OTE5MjQzMiwib3JpZ19pYXQiOjE3NzkxMDYwMzJ9.00JKxkN8oMOpCQIDqjEIwQ0U43hIAOslfa2FJioWs6o
1100379,perf_login_000375,eyJhbGciOiJIUzI1NiIsInR5cCI6IkpXVCJ9.eyJhY2Nlc3NfdG9rZW5fZmllbGQiOjExMDAzNzksImV4cCI6MTc3OTE5MjQzMiwib3JpZ19pYXQiOjE3NzkxMDYwMzJ9.KMCznJjpWDUpXgE_GIuY112eGHIxcXBeJVqicM8hmfE
1100376,perf_login_000371,eyJhbGciOiJIUzI1NiIsInR5cCI6IkpXVCJ9.eyJhY2Nlc3NfdG9rZW5fZmllbGQiOjExMDAzNzYsImV4cCI6MTc3OTE5MjQzMiwib3JpZ19pYXQiOjE3NzkxMDYwMzJ9.OmgxK6Tl0KK-EHkX8R9vsIzL0D7WePoeBMl-vw46K70
1100387,perf_login_000384,eyJhbGciOiJIUzI1NiIsInR5cCI6IkpXVCJ9.eyJhY2Nlc3NfdG9rZW5fZmllbGQiOjExMDAzODcsImV4cCI6MTc3OTE5MjQzMiwib3JpZ19pYXQiOjE3NzkxMDYwMzJ9.fTbfYJhNgwwG72fp83MZX0rz3mFoZqKjgMYTOYghxLM
1100388,perf_login_000383,eyJhbGciOiJIUzI1NiIsInR5cCI6IkpXVCJ9.eyJhY2Nlc3NfdG9rZW5fZmllbGQiOjExMDAzODgsImV4cCI6MTc3OTE5MjQzMiwib3JpZ19pYXQiOjE3NzkxMDYwMzJ9.Vlbima48Vatrka1WTqIkBH49F4eqdhbKTVAmtBufjBk
1100392,perf_login_000385,eyJhbGciOiJIUzI1NiIsInR5cCI6IkpXVCJ9.eyJhY2Nlc3NfdG9rZW5fZmllbGQiOjExMDAzOTIsImV4cCI6MTc3OTE5MjQzMiwib3JpZ19pYXQiOjE3NzkxMDYwMzJ9.TG28uRvSFwdRRBbHO2V1OVko7UL38rQSdwz0FhMXZ8M
1100389,perf_login_000387,eyJhbGciOiJIUzI1NiIsInR5cCI6IkpXVCJ9.eyJhY2Nlc3NfdG9rZW5fZmllbGQiOjExMDAzODksImV4cCI6MTc3OTE5MjQzMiwib3JpZ19pYXQiOjE3NzkxMDYwMzJ9.QmzrHd9bYldILcuTqE1fqLadO2VUlRNPaEfiKk0ggqo
1100393,perf_login_000386,eyJhbGciOiJIUzI1NiIsInR5cCI6IkpXVCJ9.eyJhY2Nlc3NfdG9rZW5fZmllbGQiOjExMDAzOTMsImV4cCI6MTc3OTE5MjQzMiwib3JpZ19pYXQiOjE3NzkxMDYwMzJ9.QDbfs7XWmU35BfDKcAeZ0g1Th_yXeCrcZXIfl2rTtlE
1100390,perf_login_000388,eyJhbGciOiJIUzI1NiIsInR5cCI6IkpXVCJ9.eyJhY2Nlc3NfdG9rZW5fZmllbGQiOjExMDAzOTAsImV4cCI6MTc3OTE5MjQzMiwib3JpZ19pYXQiOjE3NzkxMDYwMzJ9.kRbIxPeAcG9gFv6oTbuOadfenqVqfp1qEJ9pyDU4St8
1100394,perf_login_000389,eyJhbGciOiJIUzI1NiIsInR5cCI6IkpXVCJ9.eyJhY2Nlc3NfdG9rZW5fZmllbGQiOjExMDAzOTQsImV4cCI6MTc3OTE5MjQzMiwib3JpZ19pYXQiOjE3NzkxMDYwMzJ9.jmRcIU3jexd-zGpubRR0wpDc3SwPi95k8pmhBqZC8xE
1100396,perf_login_000391,eyJhbGciOiJIUzI1NiIsInR5cCI6IkpXVCJ9.eyJhY2Nlc3NfdG9rZW5fZmllbGQiOjExMDAzOTYsImV4cCI6MTc3OTE5MjQzMiwib3JpZ19pYXQiOjE3NzkxMDYwMzJ9.vNpBpndZRKc-5gcfx7jv4E8WHoh0ss7o10x2G0U-fyM
1100400,perf_login_000395,eyJhbGciOiJIUzI1NiIsInR5cCI6IkpXVCJ9.eyJhY2Nlc3NfdG9rZW5fZmllbGQiOjExMDA0MDAsImV4cCI6MTc3OTE5MjQzMiwib3JpZ19pYXQiOjE3NzkxMDYwMzJ9.lCqzR8hdCY37T6VNk8m_X1GzNkv0LAmFEFirTF0lh5A
1100399,perf_login_000394,eyJhbGciOiJIUzI1NiIsInR5cCI6IkpXVCJ9.eyJhY2Nlc3NfdG9rZW5fZmllbGQiOjExMDAzOTksImV4cCI6MTc3OTE5MjQzMiwib3JpZ19pYXQiOjE3NzkxMDYwMzJ9.WQHQauTAj365ZCtDJayl0h9Je2vIxGt6efFm5PZvPjg
1100398,perf_login_000392,eyJhbGciOiJIUzI1NiIsInR5cCI6IkpXVCJ9.eyJhY2Nlc3NfdG9rZW5fZmllbGQiOjExMDAzOTgsImV4cCI6MTc3OTE5MjQzMiwib3JpZ19pYXQiOjE3NzkxMDYwMzJ9.-G_-kVBJ4mtHjSOMo0Z-iZZ4dKFKuXRzhgX16LcLpBM
1100395,perf_login_000390,eyJhbGciOiJIUzI1NiIsInR5cCI6IkpXVCJ9.eyJhY2Nlc3NfdG9rZW5fZmllbGQiOjExMDAzOTUsImV4cCI6MTc3OTE5MjQzMiwib3JpZ19pYXQiOjE3NzkxMDYwMzJ9.R-BmHlWaACf8uYPvTAWhHmgq6eH-rqEz8fLlUuBhnZ4
1100402,perf_login_000397,eyJhbGciOiJIUzI1NiIsInR5cCI6IkpXVCJ9.eyJhY2Nlc3NfdG9rZW5fZmllbGQiOjExMDA0MDIsImV4cCI6MTc3OTE5MjQzMiwib3JpZ19pYXQiOjE3NzkxMDYwMzJ9.BFQZzrdXcaMvV24wwmYR3FCDTU6UUCMCI4ZewGbF03Q
1100397,perf_login_000393,eyJhbGciOiJIUzI1NiIsInR5cCI6IkpXVCJ9.eyJhY2Nlc3NfdG9rZW5fZmllbGQiOjExMDAzOTcsImV4cCI6MTc3OTE5MjQzMiwib3JpZ19pYXQiOjE3NzkxMDYwMzJ9.AUIkkF9Dcm_3HH8R56-rXrSGSw4eqVbS7FrXEBmcHb8
1100401,perf_login_000396,eyJhbGciOiJIUzI1NiIsInR5cCI6IkpXVCJ9.eyJhY2Nlc3NfdG9rZW5fZmllbGQiOjExMDA0MDEsImV4cCI6MTc3OTE5MjQzMiwib3JpZ19pYXQiOjE3NzkxMDYwMzJ9.mHe2dGFEu_5zZ-J3Di7xsWDQ8sbdbgD6YdtPiDnNmrU
1100403,perf_login_000398,eyJhbGciOiJIUzI1NiIsInR5cCI6IkpXVCJ9.eyJhY2Nlc3NfdG9rZW5fZmllbGQiOjExMDA0MDMsImV4cCI6MTc3OTE5MjQzMiwib3JpZ19pYXQiOjE3NzkxMDYwMzJ9.QxVOIpGI74_FpLDT__1oyiTFJEGLlZRjxD4c8DvyFF8
1100404,perf_login_000399,eyJhbGciOiJIUzI1NiIsInR5cCI6IkpXVCJ9.eyJhY2Nlc3NfdG9rZW5fZmllbGQiOjExMDA0MDQsImV4cCI6MTc3OTE5MjQzMiwib3JpZ19pYXQiOjE3NzkxMDYwMzJ9.8YskD09YQF9-Nv0Uuso-2NJVlcNRNjp6BaF5Z6ebbcQ
1100406,perf_login_000401,eyJhbGciOiJIUzI1NiIsInR5cCI6IkpXVCJ9.eyJhY2Nlc3NfdG9rZW5fZmllbGQiOjExMDA0MDYsImV4cCI6MTc3OTE5MjQzMiwib3JpZ19pYXQiOjE3NzkxMDYwMzJ9.Lcf2ZNe7YM8dQzdyM--_X9V00VIygGG5RriDY7bDago
1100409,perf_login_000405,eyJhbGciOiJIUzI1NiIsInR5cCI6IkpXVCJ9.eyJhY2Nlc3NfdG9rZW5fZmllbGQiOjExMDA0MDksImV4cCI6MTc3OTE5MjQzMiwib3JpZ19pYXQiOjE3NzkxMDYwMzJ9.z_mJofcPywSUqwKinp13fzt-9volqzGcA13i5JM4n-s
1100410,perf_login_000404,eyJhbGciOiJIUzI1NiIsInR5cCI6IkpXVCJ9.eyJhY2Nlc3NfdG9rZW5fZmllbGQiOjExMDA0MTAsImV4cCI6MTc3OTE5MjQzMiwib3JpZ19pYXQiOjE3NzkxMDYwMzJ9.svy6UHutim00QjY7IgkygXanuO0aVwolyS8q340UTUE
1100405,perf_login_000400,eyJhbGciOiJIUzI1NiIsInR5cCI6IkpXVCJ9.eyJhY2Nlc3NfdG9rZW5fZmllbGQiOjExMDA0MDUsImV4cCI6MTc3OTE5MjQzMiwib3JpZ19pYXQiOjE3NzkxMDYwMzJ9.0vf0S8nJeLItBHkkFdWhBnHfk4cmIDLCirvWrGkUSpU
1100408,perf_login_000403,eyJhbGciOiJIUzI1NiIsInR5cCI6IkpXVCJ9.eyJhY2Nlc3NfdG9rZW5fZmllbGQiOjExMDA0MDgsImV4cCI6MTc3OTE5MjQzMiwib3JpZ19pYXQiOjE3NzkxMDYwMzJ9.IjajFoYLYN4IoGE6q5JTcWFmpYrmT1eq5DHeaxbOfzE
1100407,perf_login_000402,eyJhbGciOiJIUzI1NiIsInR5cCI6IkpXVCJ9.eyJhY2Nlc3NfdG9rZW5fZmllbGQiOjExMDA0MDcsImV4cCI6MTc3OTE5MjQzMiwib3JpZ19pYXQiOjE3NzkxMDYwMzJ9.JkO3NC5H9qqUmXp43uEsazf6LZ4EhmKfHBQ-iuRZc0Y
1100415,perf_login_000409,eyJhbGciOiJIUzI1NiIsInR5cCI6IkpXVCJ9.eyJhY2Nlc3NfdG9rZW5fZmllbGQiOjExMDA0MTUsImV4cCI6MTc3OTE5MjQzMiwib3JpZ19pYXQiOjE3NzkxMDYwMzJ9.lioRuwRTXyj52njs7DdNdyi7xNfssjySSxr-_v3EIdQ
1100414,perf_login_000408,eyJhbGciOiJIUzI1NiIsInR5cCI6IkpXVCJ9.eyJhY2Nlc3NfdG9rZW5fZmllbGQiOjExMDA0MTQsImV4cCI6MTc3OTE5MjQzMiwib3JpZ19pYXQiOjE3NzkxMDYwMzJ9.b1D3cTWW1b7wdGjImdcWnMlDia1HrK3e1H1VHoSLyaA
1100416,perf_login_000411,eyJhbGciOiJIUzI1NiIsInR5cCI6IkpXVCJ9.eyJhY2Nlc3NfdG9rZW5fZmllbGQiOjExMDA0MTYsImV4cCI6MTc3OTE5MjQzMiwib3JpZ19pYXQiOjE3NzkxMDYwMzJ9.hyN4r4IEDmhesSu_C3xIbsKXtu6DB6ScnFCHGvGAqs8
1100417,perf_login_000412,eyJhbGciOiJIUzI1NiIsInR5cCI6IkpXVCJ9.eyJhY2Nlc3NfdG9rZW5fZmllbGQiOjExMDA0MTcsImV4cCI6MTc3OTE5MjQzMiwib3JpZ19pYXQiOjE3NzkxMDYwMzJ9.oP8NLVg8CHbcN3QbTxMlotqjsiEn9ICsKO1-lH8p74Q
1100412,perf_login_000406,eyJhbGciOiJIUzI1NiIsInR5cCI6IkpXVCJ9.eyJhY2Nlc3NfdG9rZW5fZmllbGQiOjExMDA0MTIsImV4cCI6MTc3OTE5MjQzMiwib3JpZ19pYXQiOjE3NzkxMDYwMzJ9.y5s1QLBDwqgPE0eE6D2AAM7jdSZegC214UmNJ1lzihc
1100418,perf_login_000413,eyJhbGciOiJIUzI1NiIsInR5cCI6IkpXVCJ9.eyJhY2Nlc3NfdG9rZW5fZmllbGQiOjExMDA0MTgsImV4cCI6MTc3OTE5MjQzMiwib3JpZ19pYXQiOjE3NzkxMDYwMzJ9.M0KDYe6p6La3uscsxtOOQ6pbylVbL_ixFXU8M75moTI
1100411,perf_login_000407,eyJhbGciOiJIUzI1NiIsInR5cCI6IkpXVCJ9.eyJhY2Nlc3NfdG9rZW5fZmllbGQiOjExMDA0MTEsImV4cCI6MTc3OTE5MjQzMiwib3JpZ19pYXQiOjE3NzkxMDYwMzJ9.IAZhpx_z885_TCGRq2a3gZHx3EtnuOHwYhZzokCmW4E
1100413,perf_login_000410,eyJhbGciOiJIUzI1NiIsInR5cCI6IkpXVCJ9.eyJhY2Nlc3NfdG9rZW5fZmllbGQiOjExMDA0MTMsImV4cCI6MTc3OTE5MjQzMiwib3JpZ19pYXQiOjE3NzkxMDYwMzJ9.VjBPRFi_kDJirc-t2jSii1imSMSA94YuuJv5NkmsOHY
1100426,perf_login_000419,eyJhbGciOiJIUzI1NiIsInR5cCI6IkpXVCJ9.eyJhY2Nlc3NfdG9rZW5fZmllbGQiOjExMDA0MjYsImV4cCI6MTc3OTE5MjQzMiwib3JpZ19pYXQiOjE3NzkxMDYwMzJ9.liQz1TXs_xtp_MGVeK0DIh82nHnkGYEpnJcqCqt1zV8
1100422,perf_login_000418,eyJhbGciOiJIUzI1NiIsInR5cCI6IkpXVCJ9.eyJhY2Nlc3NfdG9rZW5fZmllbGQiOjExMDA0MjIsImV4cCI6MTc3OTE5MjQzMiwib3JpZ19pYXQiOjE3NzkxMDYwMzJ9.sANUCG9x3Spay_H70N1z0Pboc-K7P-ICWApkUyYZZUg
1100421,perf_login_000416,eyJhbGciOiJIUzI1NiIsInR5cCI6IkpXVCJ9.eyJhY2Nlc3NfdG9rZW5fZmllbGQiOjExMDA0MjEsImV4cCI6MTc3OTE5MjQzMiwib3JpZ19pYXQiOjE3NzkxMDYwMzJ9.w54EsuTNn4KUqFBADhZ-rASdxXQ-6az13ICoR55r3MU
1100423,perf_login_000417,eyJhbGciOiJIUzI1NiIsInR5cCI6IkpXVCJ9.eyJhY2Nlc3NfdG9rZW5fZmllbGQiOjExMDA0MjMsImV4cCI6MTc3OTE5MjQzMiwib3JpZ19pYXQiOjE3NzkxMDYwMzJ9.ppQ4jp5CpmzCZczI3XEXldU996d_5SN7s8F7h7h_yD0
1100424,perf_login_000421,eyJhbGciOiJIUzI1NiIsInR5cCI6IkpXVCJ9.eyJhY2Nlc3NfdG9rZW5fZmllbGQiOjExMDA0MjQsImV4cCI6MTc3OTE5MjQzMiwib3JpZ19pYXQiOjE3NzkxMDYwMzJ9.hlwUaTgPFjbde7BkxnoKFaq54tR-_O_3_MRwRN9yCp8
1100419,perf_login_000414,eyJhbGciOiJIUzI1NiIsInR5cCI6IkpXVCJ9.eyJhY2Nlc3NfdG9rZW5fZmllbGQiOjExMDA0MTksImV4cCI6MTc3OTE5MjQzMiwib3JpZ19pYXQiOjE3NzkxMDYwMzJ9.Cpw3d4t_mRC1OreRAe3wrxgU-KC4xSAXN3Iuj5pIPXU
1100425,perf_login_000420,eyJhbGciOiJIUzI1NiIsInR5cCI6IkpXVCJ9.eyJhY2Nlc3NfdG9rZW5fZmllbGQiOjExMDA0MjUsImV4cCI6MTc3OTE5MjQzMiwib3JpZ19pYXQiOjE3NzkxMDYwMzJ9.N5zcmA_vxmqygSsUuOXgdpTSuCZYmjWmnidNFJkWzkA
1100420,perf_login_000415,eyJhbGciOiJIUzI1NiIsInR5cCI6IkpXVCJ9.eyJhY2Nlc3NfdG9rZW5fZmllbGQiOjExMDA0MjAsImV4cCI6MTc3OTE5MjQzMiwib3JpZ19pYXQiOjE3NzkxMDYwMzJ9.QCO3AaKh4OLE8pE0s9vUzbJpt8uarAMTTL-c448gJyY
1100434,perf_login_000429,eyJhbGciOiJIUzI1NiIsInR5cCI6IkpXVCJ9.eyJhY2Nlc3NfdG9rZW5fZmllbGQiOjExMDA0MzQsImV4cCI6MTc3OTE5MjQzMywib3JpZ19pYXQiOjE3NzkxMDYwMzN9.jOEhLMilVXuSQflT8u4he_JnZRYeUrAzA8DvpiMmCZ0
1100432,perf_login_000426,eyJhbGciOiJIUzI1NiIsInR5cCI6IkpXVCJ9.eyJhY2Nlc3NfdG9rZW5fZmllbGQiOjExMDA0MzIsImV4cCI6MTc3OTE5MjQzMywib3JpZ19pYXQiOjE3NzkxMDYwMzN9.mWOxlKdog0s7CblqjX-X7oTaFc30hUoMZBysQfxHpEQ
1100427,perf_login_000422,eyJhbGciOiJIUzI1NiIsInR5cCI6IkpXVCJ9.eyJhY2Nlc3NfdG9rZW5fZmllbGQiOjExMDA0MjcsImV4cCI6MTc3OTE5MjQzMywib3JpZ19pYXQiOjE3NzkxMDYwMzN9.05ITqHWXchKo964lj5wg401ab_HMHMLX6bu1WBfiz7M
1100429,perf_login_000424,eyJhbGciOiJIUzI1NiIsInR5cCI6IkpXVCJ9.eyJhY2Nlc3NfdG9rZW5fZmllbGQiOjExMDA0MjksImV4cCI6MTc3OTE5MjQzMywib3JpZ19pYXQiOjE3NzkxMDYwMzN9.V1KOt4nxTuRgTlQV7UsAJUHdfTDwnmcVTL70Brh5aKg
1100431,perf_login_000428,eyJhbGciOiJIUzI1NiIsInR5cCI6IkpXVCJ9.eyJhY2Nlc3NfdG9rZW5fZmllbGQiOjExMDA0MzEsImV4cCI6MTc3OTE5MjQzMywib3JpZ19pYXQiOjE3NzkxMDYwMzN9.cjewfBQmkzQSjsoO5g1bIetqxl7WlO1Jl6UTk9cXTfY
1100430,perf_login_000425,eyJhbGciOiJIUzI1NiIsInR5cCI6IkpXVCJ9.eyJhY2Nlc3NfdG9rZW5fZmllbGQiOjExMDA0MzAsImV4cCI6MTc3OTE5MjQzMywib3JpZ19pYXQiOjE3NzkxMDYwMzN9.JfPN28RuEI0TOmWPZ2WtrBVfZOBKv9alG3ENd_xLnPE
1100433,perf_login_000427,eyJhbGciOiJIUzI1NiIsInR5cCI6IkpXVCJ9.eyJhY2Nlc3NfdG9rZW5fZmllbGQiOjExMDA0MzMsImV4cCI6MTc3OTE5MjQzMywib3JpZ19pYXQiOjE3NzkxMDYwMzN9.aE142HZR0zLweTzv59azAcABXtrcqYqSqCe-zqHa8Vk
1100436,perf_login_000431,eyJhbGciOiJIUzI1NiIsInR5cCI6IkpXVCJ9.eyJhY2Nlc3NfdG9rZW5fZmllbGQiOjExMDA0MzYsImV4cCI6MTc3OTE5MjQzMywib3JpZ19pYXQiOjE3NzkxMDYwMzN9.rj0VYuhSLvNfvy4IL9Bnjv60MN-qJlYmdu1YELE2Fm8
1100442,perf_login_000437,eyJhbGciOiJIUzI1NiIsInR5cCI6IkpXVCJ9.eyJhY2Nlc3NfdG9rZW5fZmllbGQiOjExMDA0NDIsImV4cCI6MTc3OTE5MjQzMywib3JpZ19pYXQiOjE3NzkxMDYwMzN9.npMQgfW6vp5N2aY6Jo2Nxerv5UqfRrgF0fGvvooeK50
1100441,perf_login_000436,eyJhbGciOiJIUzI1NiIsInR5cCI6IkpXVCJ9.eyJhY2Nlc3NfdG9rZW5fZmllbGQiOjExMDA0NDEsImV4cCI6MTc3OTE5MjQzMywib3JpZ19pYXQiOjE3NzkxMDYwMzN9.8RUS-m6bEuN2TIQXjOTOmqmWq95WvXdMorrQi6hXTkg
1100439,perf_login_000434,eyJhbGciOiJIUzI1NiIsInR5cCI6IkpXVCJ9.eyJhY2Nlc3NfdG9rZW5fZmllbGQiOjExMDA0MzksImV4cCI6MTc3OTE5MjQzMywib3JpZ19pYXQiOjE3NzkxMDYwMzN9.rN8cZnUzC6zd4u6DuwB2ftZqn1ytohf_5IrzU2sBAV8
1100440,perf_login_000435,eyJhbGciOiJIUzI1NiIsInR5cCI6IkpXVCJ9.eyJhY2Nlc3NfdG9rZW5fZmllbGQiOjExMDA0NDAsImV4cCI6MTc3OTE5MjQzMywib3JpZ19pYXQiOjE3NzkxMDYwMzN9.VVnhNsNoYWxZ1tmLqAgWfL3jNLi9N4YlXSQl0Bm5aQI
1100437,perf_login_000433,eyJhbGciOiJIUzI1NiIsInR5cCI6IkpXVCJ9.eyJhY2Nlc3NfdG9rZW5fZmllbGQiOjExMDA0MzcsImV4cCI6MTc3OTE5MjQzMywib3JpZ19pYXQiOjE3NzkxMDYwMzN9.QJd_HU04_Nip5pvAKFDLe7Myjd9YGdVf-JOHY1Ca87A
1100443,perf_login_000438,eyJhbGciOiJIUzI1NiIsInR5cCI6IkpXVCJ9.eyJhY2Nlc3NfdG9rZW5fZmllbGQiOjExMDA0NDMsImV4cCI6MTc3OTE5MjQzMywib3JpZ19pYXQiOjE3NzkxMDYwMzN9.bMn8HGuh8yadGe7yT4g0h-cVk-SyEMK8GSavitbjQNU
1100438,perf_login_000432,eyJhbGciOiJIUzI1NiIsInR5cCI6IkpXVCJ9.eyJhY2Nlc3NfdG9rZW5fZmllbGQiOjExMDA0MzgsImV4cCI6MTc3OTE5MjQzMywib3JpZ19pYXQiOjE3NzkxMDYwMzN9.D3Uw471RGj_OB13ngVwUxHR1Ws-OgbMbRQIwunLId18
1100448,perf_login_000440,eyJhbGciOiJIUzI1NiIsInR5cCI6IkpXVCJ9.eyJhY2Nlc3NfdG9rZW5fZmllbGQiOjExMDA0NDgsImV4cCI6MTc3OTE5MjQzMywib3JpZ19pYXQiOjE3NzkxMDYwMzN9.8-J68xd4qlq9YlgGjpeqIfiqRXmK9wwr-M35ZfdGh_E
1100447,perf_login_000442,eyJhbGciOiJIUzI1NiIsInR5cCI6IkpXVCJ9.eyJhY2Nlc3NfdG9rZW5fZmllbGQiOjExMDA0NDcsImV4cCI6MTc3OTE5MjQzMywib3JpZ19pYXQiOjE3NzkxMDYwMzN9.POJiLV2an7sGakjmcUj9pGI3PZCvNR1HeHjZiBqzGC8
1100444,perf_login_000439,eyJhbGciOiJIUzI1NiIsInR5cCI6IkpXVCJ9.eyJhY2Nlc3NfdG9rZW5fZmllbGQiOjExMDA0NDQsImV4cCI6MTc3OTE5MjQzMywib3JpZ19pYXQiOjE3NzkxMDYwMzN9.qV-yQYarioVeE4fvqUGtKxZLXv0vF6s1ib9d66OVsow
1100446,perf_login_000443,eyJhbGciOiJIUzI1NiIsInR5cCI6IkpXVCJ9.eyJhY2Nlc3NfdG9rZW5fZmllbGQiOjExMDA0NDYsImV4cCI6MTc3OTE5MjQzMywib3JpZ19pYXQiOjE3NzkxMDYwMzN9.K7tteOEpbM2OjAjTJ4SPDbK_7ZcrJatc2Q4I2YuUnfc
1100449,perf_login_000444,eyJhbGciOiJIUzI1NiIsInR5cCI6IkpXVCJ9.eyJhY2Nlc3NfdG9rZW5fZmllbGQiOjExMDA0NDksImV4cCI6MTc3OTE5MjQzMywib3JpZ19pYXQiOjE3NzkxMDYwMzN9.2AOhi5cZQeXpidtHl4GzwLicqCN39WgNYKsgNL0nYY4
1100451,perf_login_000446,eyJhbGciOiJIUzI1NiIsInR5cCI6IkpXVCJ9.eyJhY2Nlc3NfdG9rZW5fZmllbGQiOjExMDA0NTEsImV4cCI6MTc3OTE5MjQzMywib3JpZ19pYXQiOjE3NzkxMDYwMzN9.xU58B4EZEvp0f6AUAUhETEeN_zsuQpNsZ3D9htMXuY8
1100450,perf_login_000445,eyJhbGciOiJIUzI1NiIsInR5cCI6IkpXVCJ9.eyJhY2Nlc3NfdG9rZW5fZmllbGQiOjExMDA0NTAsImV4cCI6MTc3OTE5MjQzMywib3JpZ19pYXQiOjE3NzkxMDYwMzN9.qJ1Z9kc-0cveIS8eNYX2iFLYAgYDoCoIzjHJCTXLX5c
1100445,perf_login_000441,eyJhbGciOiJIUzI1NiIsInR5cCI6IkpXVCJ9.eyJhY2Nlc3NfdG9rZW5fZmllbGQiOjExMDA0NDUsImV4cCI6MTc3OTE5MjQzMywib3JpZ19pYXQiOjE3NzkxMDYwMzN9.fIjGSobscFr5Fcgf3i7ywWVrxZS1OgALp7F2sDbxwu4
1100455,perf_login_000450,eyJhbGciOiJIUzI1NiIsInR5cCI6IkpXVCJ9.eyJhY2Nlc3NfdG9rZW5fZmllbGQiOjExMDA0NTUsImV4cCI6MTc3OTE5MjQzMywib3JpZ19pYXQiOjE3NzkxMDYwMzN9.Rr75NFFy_g_Y-W7n2m7BSFacgzzqz4pH5tejByusNaM
1100453,perf_login_000447,eyJhbGciOiJIUzI1NiIsInR5cCI6IkpXVCJ9.eyJhY2Nlc3NfdG9rZW5fZmllbGQiOjExMDA0NTMsImV4cCI6MTc3OTE5MjQzMywib3JpZ19pYXQiOjE3NzkxMDYwMzN9.DFUiHHh-ChZEhyv3KZkeyvukMAYc0z6Fa4CHE82Obyo
1100458,perf_login_000453,eyJhbGciOiJIUzI1NiIsInR5cCI6IkpXVCJ9.eyJhY2Nlc3NfdG9rZW5fZmllbGQiOjExMDA0NTgsImV4cCI6MTc3OTE5MjQzMywib3JpZ19pYXQiOjE3NzkxMDYwMzN9.IpakbZ2DbKrm3r1qtgkuQhuMGH-zdU1hcba3VzMycvQ
1100457,perf_login_000452,eyJhbGciOiJIUzI1NiIsInR5cCI6IkpXVCJ9.eyJhY2Nlc3NfdG9rZW5fZmllbGQiOjExMDA0NTcsImV4cCI6MTc3OTE5MjQzMywib3JpZ19pYXQiOjE3NzkxMDYwMzN9.qAtwKLdg0_Ta5B_j1NDbg8NoulflmuwdnDV7487Ie-s
1100452,perf_login_000448,eyJhbGciOiJIUzI1NiIsInR5cCI6IkpXVCJ9.eyJhY2Nlc3NfdG9rZW5fZmllbGQiOjExMDA0NTIsImV4cCI6MTc3OTE5MjQzMywib3JpZ19pYXQiOjE3NzkxMDYwMzN9.tSiA7dcYIOYqWbrIput5SBu_90JjXOBJlm0hCB3ZWE4
1100456,perf_login_000451,eyJhbGciOiJIUzI1NiIsInR5cCI6IkpXVCJ9.eyJhY2Nlc3NfdG9rZW5fZmllbGQiOjExMDA0NTYsImV4cCI6MTc3OTE5MjQzMywib3JpZ19pYXQiOjE3NzkxMDYwMzN9.S1HS-lcp5u0PhSdKHOJmcTehNR6Y6FOZjfZrMMgM4aQ
1100454,perf_login_000449,eyJhbGciOiJIUzI1NiIsInR5cCI6IkpXVCJ9.eyJhY2Nlc3NfdG9rZW5fZmllbGQiOjExMDA0NTQsImV4cCI6MTc3OTE5MjQzMywib3JpZ19pYXQiOjE3NzkxMDYwMzN9.t5uXVALwq96oEMMrVGguGIQJDlzP9x1fQB_ohzDgwnM
1100459,perf_login_000454,eyJhbGciOiJIUzI1NiIsInR5cCI6IkpXVCJ9.eyJhY2Nlc3NfdG9rZW5fZmllbGQiOjExMDA0NTksImV4cCI6MTc3OTE5MjQzMywib3JpZ19pYXQiOjE3NzkxMDYwMzN9.kPXif45_ZUVZbUuaCwM_rBF2s0_SxDMrDlOvmbngfTU
1100467,perf_login_000462,eyJhbGciOiJIUzI1NiIsInR5cCI6IkpXVCJ9.eyJhY2Nlc3NfdG9rZW5fZmllbGQiOjExMDA0NjcsImV4cCI6MTc3OTE5MjQzMywib3JpZ19pYXQiOjE3NzkxMDYwMzN9.N2LsnY1s9uHJH9AtDsRO1vyzAD0Dx4qjYvIKUOIgfvM
1100463,perf_login_000458,eyJhbGciOiJIUzI1NiIsInR5cCI6IkpXVCJ9.eyJhY2Nlc3NfdG9rZW5fZmllbGQiOjExMDA0NjMsImV4cCI6MTc3OTE5MjQzMywib3JpZ19pYXQiOjE3NzkxMDYwMzN9.8BPSmcEn6PcRCfxLUCOBpPpWwonQoLMtQqMjr7T2XRk
1100464,perf_login_000461,eyJhbGciOiJIUzI1NiIsInR5cCI6IkpXVCJ9.eyJhY2Nlc3NfdG9rZW5fZmllbGQiOjExMDA0NjQsImV4cCI6MTc3OTE5MjQzMywib3JpZ19pYXQiOjE3NzkxMDYwMzN9.TCRJVoJBuMUNvRIHGNMjiAsYd4WBK10QGu-Jqod-j4U
1100462,perf_login_000457,eyJhbGciOiJIUzI1NiIsInR5cCI6IkpXVCJ9.eyJhY2Nlc3NfdG9rZW5fZmllbGQiOjExMDA0NjIsImV4cCI6MTc3OTE5MjQzMywib3JpZ19pYXQiOjE3NzkxMDYwMzN9.ZUFBlWcu2CxwKraw5voA9Gjq-kSWvhVUtqC6f0zEy1A
1100465,perf_login_000459,eyJhbGciOiJIUzI1NiIsInR5cCI6IkpXVCJ9.eyJhY2Nlc3NfdG9rZW5fZmllbGQiOjExMDA0NjUsImV4cCI6MTc3OTE5MjQzMywib3JpZ19pYXQiOjE3NzkxMDYwMzN9.tJK8FSs5N2YPgIq_a7abaktkf_mpjp1X-sN4dDFj6ts
1100466,perf_login_000460,eyJhbGciOiJIUzI1NiIsInR5cCI6IkpXVCJ9.eyJhY2Nlc3NfdG9rZW5fZmllbGQiOjExMDA0NjYsImV4cCI6MTc3OTE5MjQzMywib3JpZ19pYXQiOjE3NzkxMDYwMzN9.yvnACN4i4zj-iKbko0y-LZP9UnyX57gjX2Y3o25ZW4E
1100461,perf_login_000456,eyJhbGciOiJIUzI1NiIsInR5cCI6IkpXVCJ9.eyJhY2Nlc3NfdG9rZW5fZmllbGQiOjExMDA0NjEsImV4cCI6MTc3OTE5MjQzMywib3JpZ19pYXQiOjE3NzkxMDYwMzN9._S6WnL6Utg7O7K1BI5K1QXiox1NGFazI2vVQa-U5K78
1100460,perf_login_000455,eyJhbGciOiJIUzI1NiIsInR5cCI6IkpXVCJ9.eyJhY2Nlc3NfdG9rZW5fZmllbGQiOjExMDA0NjAsImV4cCI6MTc3OTE5MjQzMywib3JpZ19pYXQiOjE3NzkxMDYwMzN9.1i0KYxDK6TZbdStDHZc0e-cqvk3wFpsPBa8c6jjSuww
1100473,perf_login_000468,eyJhbGciOiJIUzI1NiIsInR5cCI6IkpXVCJ9.eyJhY2Nlc3NfdG9rZW5fZmllbGQiOjExMDA0NzMsImV4cCI6MTc3OTE5MjQzMywib3JpZ19pYXQiOjE3NzkxMDYwMzN9.i3mHZNAWbtaVtt8zYuL8J7QsUwrU5n2RBiECrRMlHJg
1100475,perf_login_000470,eyJhbGciOiJIUzI1NiIsInR5cCI6IkpXVCJ9.eyJhY2Nlc3NfdG9rZW5fZmllbGQiOjExMDA0NzUsImV4cCI6MTc3OTE5MjQzMywib3JpZ19pYXQiOjE3NzkxMDYwMzN9.pKFaUfork653-AuewBnYzaZFNZJGqZp5nq5ILQTX1Zk
1100472,perf_login_000467,eyJhbGciOiJIUzI1NiIsInR5cCI6IkpXVCJ9.eyJhY2Nlc3NfdG9rZW5fZmllbGQiOjExMDA0NzIsImV4cCI6MTc3OTE5MjQzMywib3JpZ19pYXQiOjE3NzkxMDYwMzN9.AtRt2XevBT4q895teCNonUu_Hpmmf9V1YJQhvcq2A6Y
1100470,perf_login_000464,eyJhbGciOiJIUzI1NiIsInR5cCI6IkpXVCJ9.eyJhY2Nlc3NfdG9rZW5fZmllbGQiOjExMDA0NzAsImV4cCI6MTc3OTE5MjQzMywib3JpZ19pYXQiOjE3NzkxMDYwMzN9.Mq-eZFqB_gNBMTEdqJDpbqkbLfZ1RkAd62K-mprV268
1100468,perf_login_000463,eyJhbGciOiJIUzI1NiIsInR5cCI6IkpXVCJ9.eyJhY2Nlc3NfdG9rZW5fZmllbGQiOjExMDA0NjgsImV4cCI6MTc3OTE5MjQzMywib3JpZ19pYXQiOjE3NzkxMDYwMzN9.Xf3Ggi5zdHModaoN7qUuFoNS7fpd-sALHBpbek6zDNI
1100469,perf_login_000465,eyJhbGciOiJIUzI1NiIsInR5cCI6IkpXVCJ9.eyJhY2Nlc3NfdG9rZW5fZmllbGQiOjExMDA0NjksImV4cCI6MTc3OTE5MjQzMywib3JpZ19pYXQiOjE3NzkxMDYwMzN9.jZrlUbOpy_vsJaj4SErvp4I1uwWpCpDq5W_DvYKP4wE
1100474,perf_login_000469,eyJhbGciOiJIUzI1NiIsInR5cCI6IkpXVCJ9.eyJhY2Nlc3NfdG9rZW5fZmllbGQiOjExMDA0NzQsImV4cCI6MTc3OTE5MjQzMywib3JpZ19pYXQiOjE3NzkxMDYwMzN9.s_7FkITwiqGIhvjIkUIg_XNvWv2vux9yne_1Rxp44ZY
1100471,perf_login_000466,eyJhbGciOiJIUzI1NiIsInR5cCI6IkpXVCJ9.eyJhY2Nlc3NfdG9rZW5fZmllbGQiOjExMDA0NzEsImV4cCI6MTc3OTE5MjQzMywib3JpZ19pYXQiOjE3NzkxMDYwMzN9.X6aryIvJuCH69uUazm_vYYAOOvsxCy-747zDkr5oUR8
1100482,perf_login_000477,eyJhbGciOiJIUzI1NiIsInR5cCI6IkpXVCJ9.eyJhY2Nlc3NfdG9rZW5fZmllbGQiOjExMDA0ODIsImV4cCI6MTc3OTE5MjQzNCwib3JpZ19pYXQiOjE3NzkxMDYwMzR9.Y9iq1t8wl0g6I4V74il9AIgAYAR45vizh0hIzZBejp4
1100477,perf_login_000472,eyJhbGciOiJIUzI1NiIsInR5cCI6IkpXVCJ9.eyJhY2Nlc3NfdG9rZW5fZmllbGQiOjExMDA0NzcsImV4cCI6MTc3OTE5MjQzNCwib3JpZ19pYXQiOjE3NzkxMDYwMzR9.JiQMzOREiHPz2G9bzd6mT79G_Tf42-p8VOKd52UJG3c
1100476,perf_login_000471,eyJhbGciOiJIUzI1NiIsInR5cCI6IkpXVCJ9.eyJhY2Nlc3NfdG9rZW5fZmllbGQiOjExMDA0NzYsImV4cCI6MTc3OTE5MjQzNCwib3JpZ19pYXQiOjE3NzkxMDYwMzR9.872Mrh-dRecMwpeNl9TItlSisTJM5CZS22Xbf6ACt7g
1100481,perf_login_000474,eyJhbGciOiJIUzI1NiIsInR5cCI6IkpXVCJ9.eyJhY2Nlc3NfdG9rZW5fZmllbGQiOjExMDA0ODEsImV4cCI6MTc3OTE5MjQzNCwib3JpZ19pYXQiOjE3NzkxMDYwMzR9.i_XDJyrlzO3E4snbqW2_zYyXpkSWXQpW0NMXTNAWjdQ
1100478,perf_login_000475,eyJhbGciOiJIUzI1NiIsInR5cCI6IkpXVCJ9.eyJhY2Nlc3NfdG9rZW5fZmllbGQiOjExMDA0NzgsImV4cCI6MTc3OTE5MjQzNCwib3JpZ19pYXQiOjE3NzkxMDYwMzR9.g2WkoAXCTfyj9ZYatnJnuDC-ogwB4JS80XNkwXeiyHc
1100483,perf_login_000478,eyJhbGciOiJIUzI1NiIsInR5cCI6IkpXVCJ9.eyJhY2Nlc3NfdG9rZW5fZmllbGQiOjExMDA0ODMsImV4cCI6MTc3OTE5MjQzNCwib3JpZ19pYXQiOjE3NzkxMDYwMzR9.cIlGKq4ddBQESou30IoWKrFCSQJKKgIlQpH5jatBboM
1100479,perf_login_000473,eyJhbGciOiJIUzI1NiIsInR5cCI6IkpXVCJ9.eyJhY2Nlc3NfdG9rZW5fZmllbGQiOjExMDA0NzksImV4cCI6MTc3OTE5MjQzNCwib3JpZ19pYXQiOjE3NzkxMDYwMzR9.tgDxmkL8OjUN9wmgdwqHhuaDTpbV20Dvb_N5WN0Tjjw
1100480,perf_login_000476,eyJhbGciOiJIUzI1NiIsInR5cCI6IkpXVCJ9.eyJhY2Nlc3NfdG9rZW5fZmllbGQiOjExMDA0ODAsImV4cCI6MTc3OTE5MjQzNCwib3JpZ19pYXQiOjE3NzkxMDYwMzR9.LWUVI8FNhO0kzSlMejwpjmfhkQ5oc2nhg7nrA1QzQzs
1100488,perf_login_000482,eyJhbGciOiJIUzI1NiIsInR5cCI6IkpXVCJ9.eyJhY2Nlc3NfdG9rZW5fZmllbGQiOjExMDA0ODgsImV4cCI6MTc3OTE5MjQzNCwib3JpZ19pYXQiOjE3NzkxMDYwMzR9.XZDAmrrECdGWu3XqDDCiIEKYPqHSuPMsLht0Y-N5QBY
1100489,perf_login_000483,eyJhbGciOiJIUzI1NiIsInR5cCI6IkpXVCJ9.eyJhY2Nlc3NfdG9rZW5fZmllbGQiOjExMDA0ODksImV4cCI6MTc3OTE5MjQzNCwib3JpZ19pYXQiOjE3NzkxMDYwMzR9.viKmFPsS4vXEljH8ZT95b-vOrcd9a5f5OiPOoyvho_I
1100487,perf_login_000484,eyJhbGciOiJIUzI1NiIsInR5cCI6IkpXVCJ9.eyJhY2Nlc3NfdG9rZW5fZmllbGQiOjExMDA0ODcsImV4cCI6MTc3OTE5MjQzNCwib3JpZ19pYXQiOjE3NzkxMDYwMzR9.XDTZ8JNZ273AofC5SA9RcJ2i_sCiTVKUUC6KB77RFK8
1100485,perf_login_000481,eyJhbGciOiJIUzI1NiIsInR5cCI6IkpXVCJ9.eyJhY2Nlc3NfdG9rZW5fZmllbGQiOjExMDA0ODUsImV4cCI6MTc3OTE5MjQzNCwib3JpZ19pYXQiOjE3NzkxMDYwMzR9.S8gjsyndshtJAYtuu5YIM_pOwiEyZj4TMINTbjsJ_j8
1100486,perf_login_000480,eyJhbGciOiJIUzI1NiIsInR5cCI6IkpXVCJ9.eyJhY2Nlc3NfdG9rZW5fZmllbGQiOjExMDA0ODYsImV4cCI6MTc3OTE5MjQzNCwib3JpZ19pYXQiOjE3NzkxMDYwMzR9.1qxJ4TUxa5jByisNczVD4RVCebkZ5iK2F4Y3ruAYz28
1100490,perf_login_000485,eyJhbGciOiJIUzI1NiIsInR5cCI6IkpXVCJ9.eyJhY2Nlc3NfdG9rZW5fZmllbGQiOjExMDA0OTAsImV4cCI6MTc3OTE5MjQzNCwib3JpZ19pYXQiOjE3NzkxMDYwMzR9._topSo93VxzhgfVYqo0xM_SqocxDeRj9_pt-zDko1-s
1100484,perf_login_000479,eyJhbGciOiJIUzI1NiIsInR5cCI6IkpXVCJ9.eyJhY2Nlc3NfdG9rZW5fZmllbGQiOjExMDA0ODQsImV4cCI6MTc3OTE5MjQzNCwib3JpZ19pYXQiOjE3NzkxMDYwMzR9.1LtQxLAyf4QdN9G6_BnelnasB6q8pmMMG--kfwHDL6A
1100491,perf_login_000486,eyJhbGciOiJIUzI1NiIsInR5cCI6IkpXVCJ9.eyJhY2Nlc3NfdG9rZW5fZmllbGQiOjExMDA0OTEsImV4cCI6MTc3OTE5MjQzNCwib3JpZ19pYXQiOjE3NzkxMDYwMzR9.XVPVB9tL-zltQvFOO1qxBjD_6vbc4KP8zKlkuvKV2Do
1100493,perf_login_000488,eyJhbGciOiJIUzI1NiIsInR5cCI6IkpXVCJ9.eyJhY2Nlc3NfdG9rZW5fZmllbGQiOjExMDA0OTMsImV4cCI6MTc3OTE5MjQzNCwib3JpZ19pYXQiOjE3NzkxMDYwMzR9.1qTYGZs1GX-sckisJdXFBbWMiAD0rTRRuLMWmDiExe8
1100499,perf_login_000493,eyJhbGciOiJIUzI1NiIsInR5cCI6IkpXVCJ9.eyJhY2Nlc3NfdG9rZW5fZmllbGQiOjExMDA0OTksImV4cCI6MTc3OTE5MjQzNCwib3JpZ19pYXQiOjE3NzkxMDYwMzR9.HuQJtu_v0F39jk5c9Ra5S_mefePWM8TItuOi4yrePgE
1100497,perf_login_000492,eyJhbGciOiJIUzI1NiIsInR5cCI6IkpXVCJ9.eyJhY2Nlc3NfdG9rZW5fZmllbGQiOjExMDA0OTcsImV4cCI6MTc3OTE5MjQzNCwib3JpZ19pYXQiOjE3NzkxMDYwMzR9.YV3ckzKhCT9ftsp5M_4vBZvacFIqoICp0PTLcXPDCho
1100496,perf_login_000491,eyJhbGciOiJIUzI1NiIsInR5cCI6IkpXVCJ9.eyJhY2Nlc3NfdG9rZW5fZmllbGQiOjExMDA0OTYsImV4cCI6MTc3OTE5MjQzNCwib3JpZ19pYXQiOjE3NzkxMDYwMzR9.y8qd1P56TAHOmnvFTwcbWAmy419PR5kZpbxuXQDVFDg
1100494,perf_login_000489,eyJhbGciOiJIUzI1NiIsInR5cCI6IkpXVCJ9.eyJhY2Nlc3NfdG9rZW5fZmllbGQiOjExMDA0OTQsImV4cCI6MTc3OTE5MjQzNCwib3JpZ19pYXQiOjE3NzkxMDYwMzR9.DrI_OH8o7IhHxVza6vK2R2ifzcJj9mRXTfDf7KLe_Dc
1100498,perf_login_000494,eyJhbGciOiJIUzI1NiIsInR5cCI6IkpXVCJ9.eyJhY2Nlc3NfdG9rZW5fZmllbGQiOjExMDA0OTgsImV4cCI6MTc3OTE5MjQzNCwib3JpZ19pYXQiOjE3NzkxMDYwMzR9.yZXwwzSaJ7ZJJ-a7Y8rDDdBdoJ8j-j_JflwbyD6Awbs
1100495,perf_login_000490,eyJhbGciOiJIUzI1NiIsInR5cCI6IkpXVCJ9.eyJhY2Nlc3NfdG9rZW5fZmllbGQiOjExMDA0OTUsImV4cCI6MTc3OTE5MjQzNCwib3JpZ19pYXQiOjE3NzkxMDYwMzR9._yc4VpSAs_Nc1n2Xq4ZmN3AeEAPZsF8LZHi65cOmdUU
1100492,perf_login_000487,eyJhbGciOiJIUzI1NiIsInR5cCI6IkpXVCJ9.eyJhY2Nlc3NfdG9rZW5fZmllbGQiOjExMDA0OTIsImV4cCI6MTc3OTE5MjQzNCwib3JpZ19pYXQiOjE3NzkxMDYwMzR9.rZ_09JiyUYKTxG-6cnqOKj-PdvIAIvkPKw_NbkN-D-8
1100501,perf_login_000496,eyJhbGciOiJIUzI1NiIsInR5cCI6IkpXVCJ9.eyJhY2Nlc3NfdG9rZW5fZmllbGQiOjExMDA1MDEsImV4cCI6MTc3OTE5MjQzNCwib3JpZ19pYXQiOjE3NzkxMDYwMzR9.cKcFx0SKDXNF2Y7aqxTq7fFdBQM3DSX4u6UTvraIzjQ
1100506,perf_login_000501,eyJhbGciOiJIUzI1NiIsInR5cCI6IkpXVCJ9.eyJhY2Nlc3NfdG9rZW5fZmllbGQiOjExMDA1MDYsImV4cCI6MTc3OTE5MjQzNCwib3JpZ19pYXQiOjE3NzkxMDYwMzR9.RTJftRkN2bdtpNzQEs4hw3Khk2U_SlPBFi_YwY8Lb14
1100504,perf_login_000499,eyJhbGciOiJIUzI1NiIsInR5cCI6IkpXVCJ9.eyJhY2Nlc3NfdG9rZW5fZmllbGQiOjExMDA1MDQsImV4cCI6MTc3OTE5MjQzNCwib3JpZ19pYXQiOjE3NzkxMDYwMzR9.SMVd_CoqMBYNb92x7VAC2G7Qj_Op8Tyo2tdJWIn0jGs
1100505,perf_login_000500,eyJhbGciOiJIUzI1NiIsInR5cCI6IkpXVCJ9.eyJhY2Nlc3NfdG9rZW5fZmllbGQiOjExMDA1MDUsImV4cCI6MTc3OTE5MjQzNCwib3JpZ19pYXQiOjE3NzkxMDYwMzR9.6xiQZLxj_3QsjWZiib_sUUMrP4kIfbKay-38uovWz8A
1100503,perf_login_000498,eyJhbGciOiJIUzI1NiIsInR5cCI6IkpXVCJ9.eyJhY2Nlc3NfdG9rZW5fZmllbGQiOjExMDA1MDMsImV4cCI6MTc3OTE5MjQzNCwib3JpZ19pYXQiOjE3NzkxMDYwMzR9.m2dqHnpcd5DTcOW-eFHslctG2DBg6fUlKRtuOaF5KNo
1100502,perf_login_000497,eyJhbGciOiJIUzI1NiIsInR5cCI6IkpXVCJ9.eyJhY2Nlc3NfdG9rZW5fZmllbGQiOjExMDA1MDIsImV4cCI6MTc3OTE5MjQzNCwib3JpZ19pYXQiOjE3NzkxMDYwMzR9.RPWMGR0-04nutIkPE4RksfQmD27IKv9Camnt-paIQxE
1100507,perf_login_000502,eyJhbGciOiJIUzI1NiIsInR5cCI6IkpXVCJ9.eyJhY2Nlc3NfdG9rZW5fZmllbGQiOjExMDA1MDcsImV4cCI6MTc3OTE5MjQzNCwib3JpZ19pYXQiOjE3NzkxMDYwMzR9.LFQ8771t5cb4mXfzIbLshMew9bRxAo-DtDS6kLSYqSc
1100500,perf_login_000495,eyJhbGciOiJIUzI1NiIsInR5cCI6IkpXVCJ9.eyJhY2Nlc3NfdG9rZW5fZmllbGQiOjExMDA1MDAsImV4cCI6MTc3OTE5MjQzNCwib3JpZ19pYXQiOjE3NzkxMDYwMzR9.649uwK-yAE_47Sc0YN1y70rpLNr643xybAi14Yxv3tM
1100509,perf_login_000504,eyJhbGciOiJIUzI1NiIsInR5cCI6IkpXVCJ9.eyJhY2Nlc3NfdG9rZW5fZmllbGQiOjExMDA1MDksImV4cCI6MTc3OTE5MjQzNCwib3JpZ19pYXQiOjE3NzkxMDYwMzR9.h2MqPyDR2IP5_gdCje-XqMSrsOXnhNYgdb9GLbupj8Y
1100512,perf_login_000507,eyJhbGciOiJIUzI1NiIsInR5cCI6IkpXVCJ9.eyJhY2Nlc3NfdG9rZW5fZmllbGQiOjExMDA1MTIsImV4cCI6MTc3OTE5MjQzNCwib3JpZ19pYXQiOjE3NzkxMDYwMzR9.QNMcyfRxM5MTulnOe2jEtT8F1vmEKT5MujaK5CwFtYw
1100508,perf_login_000503,eyJhbGciOiJIUzI1NiIsInR5cCI6IkpXVCJ9.eyJhY2Nlc3NfdG9rZW5fZmllbGQiOjExMDA1MDgsImV4cCI6MTc3OTE5MjQzNCwib3JpZ19pYXQiOjE3NzkxMDYwMzR9.eSH2AnEKJaPZ-aYX8jmD1Jzs0RkOjbiW23h9Bs7qwgg
1100510,perf_login_000505,eyJhbGciOiJIUzI1NiIsInR5cCI6IkpXVCJ9.eyJhY2Nlc3NfdG9rZW5fZmllbGQiOjExMDA1MTAsImV4cCI6MTc3OTE5MjQzNCwib3JpZ19pYXQiOjE3NzkxMDYwMzR9.Ox2_eBaWTbvhFCB-r83Bv5nDehMPlmt-mIKprRTHCcg
1100511,perf_login_000506,eyJhbGciOiJIUzI1NiIsInR5cCI6IkpXVCJ9.eyJhY2Nlc3NfdG9rZW5fZmllbGQiOjExMDA1MTEsImV4cCI6MTc3OTE5MjQzNCwib3JpZ19pYXQiOjE3NzkxMDYwMzR9.t3RkS9jac7XHK_mQAFpNg1HBMDcdnhoq1Smicr-bwgw
1100513,perf_login_000508,eyJhbGciOiJIUzI1NiIsInR5cCI6IkpXVCJ9.eyJhY2Nlc3NfdG9rZW5fZmllbGQiOjExMDA1MTMsImV4cCI6MTc3OTE5MjQzNCwib3JpZ19pYXQiOjE3NzkxMDYwMzR9.0gmZi1JVUfRbIcyvSE9Xh5KluEBZq6efiWm4zS6hrWE
1100517,perf_login_000512,eyJhbGciOiJIUzI1NiIsInR5cCI6IkpXVCJ9.eyJhY2Nlc3NfdG9rZW5fZmllbGQiOjExMDA1MTcsImV4cCI6MTc3OTE5MjQzNCwib3JpZ19pYXQiOjE3NzkxMDYwMzR9.tx-Gyvqo6BF5x3zyPC7BDoqdhU3jq4EztFM1r-owCBw
1100518,perf_login_000513,eyJhbGciOiJIUzI1NiIsInR5cCI6IkpXVCJ9.eyJhY2Nlc3NfdG9rZW5fZmllbGQiOjExMDA1MTgsImV4cCI6MTc3OTE5MjQzNCwib3JpZ19pYXQiOjE3NzkxMDYwMzR9.S1mF_f6pEGHTFuA-4JxpYq5uKsZK1btUxGe0rUufy34
1100515,perf_login_000510,eyJhbGciOiJIUzI1NiIsInR5cCI6IkpXVCJ9.eyJhY2Nlc3NfdG9rZW5fZmllbGQiOjExMDA1MTUsImV4cCI6MTc3OTE5MjQzNCwib3JpZ19pYXQiOjE3NzkxMDYwMzR9.QF-acVPg58xqGQ_z_vub2UTE9k5Q5WRrV1b4WFX0AAU
1100516,perf_login_000511,eyJhbGciOiJIUzI1NiIsInR5cCI6IkpXVCJ9.eyJhY2Nlc3NfdG9rZW5fZmllbGQiOjExMDA1MTYsImV4cCI6MTc3OTE5MjQzNCwib3JpZ19pYXQiOjE3NzkxMDYwMzR9.jVfL7oTqN8sd7h-CA_GUjvCPcqQ3rLczVbuC7pLUiY4
1100514,perf_login_000509,eyJhbGciOiJIUzI1NiIsInR5cCI6IkpXVCJ9.eyJhY2Nlc3NfdG9rZW5fZmllbGQiOjExMDA1MTQsImV4cCI6MTc3OTE5MjQzNCwib3JpZ19pYXQiOjE3NzkxMDYwMzR9.e8RnVMHCYn_PqmnG_isioc4VuCy4vrjLxOo0modgnqk
1100519,perf_login_000514,eyJhbGciOiJIUzI1NiIsInR5cCI6IkpXVCJ9.eyJhY2Nlc3NfdG9rZW5fZmllbGQiOjExMDA1MTksImV4cCI6MTc3OTE5MjQzNCwib3JpZ19pYXQiOjE3NzkxMDYwMzR9.oRZjuCm03Ug7jpWvAdLh9bTYpTN7cyt8rjw3szkFGtk
1100521,perf_login_000516,eyJhbGciOiJIUzI1NiIsInR5cCI6IkpXVCJ9.eyJhY2Nlc3NfdG9rZW5fZmllbGQiOjExMDA1MjEsImV4cCI6MTc3OTE5MjQzNCwib3JpZ19pYXQiOjE3NzkxMDYwMzR9.ifaNnzZ7s4-scPW1VXse3z-EIvxdhVLG9qARJv4B__0
1100520,perf_login_000515,eyJhbGciOiJIUzI1NiIsInR5cCI6IkpXVCJ9.eyJhY2Nlc3NfdG9rZW5fZmllbGQiOjExMDA1MjAsImV4cCI6MTc3OTE5MjQzNCwib3JpZ19pYXQiOjE3NzkxMDYwMzR9.vK6vkz9ZMOQc7Dxst61UY7FdO6xEv8LgAyTFBjEOexA
1100527,perf_login_000522,eyJhbGciOiJIUzI1NiIsInR5cCI6IkpXVCJ9.eyJhY2Nlc3NfdG9rZW5fZmllbGQiOjExMDA1MjcsImV4cCI6MTc3OTE5MjQzNSwib3JpZ19pYXQiOjE3NzkxMDYwMzV9._rPRxLcOfScGZ1qNBNMpSklYqkhJMMLt1fvwAN48-eQ
1100526,perf_login_000521,eyJhbGciOiJIUzI1NiIsInR5cCI6IkpXVCJ9.eyJhY2Nlc3NfdG9rZW5fZmllbGQiOjExMDA1MjYsImV4cCI6MTc3OTE5MjQzNSwib3JpZ19pYXQiOjE3NzkxMDYwMzV9.zFHIL92a0OQRVq-WUCQnXM_b1oQTPW30-ODOnXSOeqE
1100523,perf_login_000517,eyJhbGciOiJIUzI1NiIsInR5cCI6IkpXVCJ9.eyJhY2Nlc3NfdG9rZW5fZmllbGQiOjExMDA1MjMsImV4cCI6MTc3OTE5MjQzNSwib3JpZ19pYXQiOjE3NzkxMDYwMzV9.NHsFMDNkGuR-CUMBj_eWt4W9c91xlYh059kws3gW7KA
1100524,perf_login_000519,eyJhbGciOiJIUzI1NiIsInR5cCI6IkpXVCJ9.eyJhY2Nlc3NfdG9rZW5fZmllbGQiOjExMDA1MjQsImV4cCI6MTc3OTE5MjQzNSwib3JpZ19pYXQiOjE3NzkxMDYwMzV9.TTfbvkBL8QXtlomVRuVzK6JOqIaVrxPxlFHdNofP5RA
1100525,perf_login_000520,eyJhbGciOiJIUzI1NiIsInR5cCI6IkpXVCJ9.eyJhY2Nlc3NfdG9rZW5fZmllbGQiOjExMDA1MjUsImV4cCI6MTc3OTE5MjQzNSwib3JpZ19pYXQiOjE3NzkxMDYwMzV9.5u4H3L4PW7pP69hyD1RF-gmjEfadYHQM1PeZAbMff-g
1100522,perf_login_000518,eyJhbGciOiJIUzI1NiIsInR5cCI6IkpXVCJ9.eyJhY2Nlc3NfdG9rZW5fZmllbGQiOjExMDA1MjIsImV4cCI6MTc3OTE5MjQzNSwib3JpZ19pYXQiOjE3NzkxMDYwMzV9.FgndSIPeIhAfPYyl7taO5YHzpDvhGsKGfyxGgsB_sC0
1100530,perf_login_000525,eyJhbGciOiJIUzI1NiIsInR5cCI6IkpXVCJ9.eyJhY2Nlc3NfdG9rZW5fZmllbGQiOjExMDA1MzAsImV4cCI6MTc3OTE5MjQzNSwib3JpZ19pYXQiOjE3NzkxMDYwMzV9.ChVfZ1EH2DJh1cG-J6ZrPDaGWUX_pLz-pDqzPdhIMFw
1100529,perf_login_000524,eyJhbGciOiJIUzI1NiIsInR5cCI6IkpXVCJ9.eyJhY2Nlc3NfdG9rZW5fZmllbGQiOjExMDA1MjksImV4cCI6MTc3OTE5MjQzNSwib3JpZ19pYXQiOjE3NzkxMDYwMzV9.iIarkRUKlNPkUNd4cv7I-25JVJz10zjtRo1BTdP34xI
1100534,perf_login_000529,eyJhbGciOiJIUzI1NiIsInR5cCI6IkpXVCJ9.eyJhY2Nlc3NfdG9rZW5fZmllbGQiOjExMDA1MzQsImV4cCI6MTc3OTE5MjQzNSwib3JpZ19pYXQiOjE3NzkxMDYwMzV9.3rwvIJiBfWL2q8xhQoWHlzAj1n4aJfs3WNFLAjc631U
1100532,perf_login_000527,eyJhbGciOiJIUzI1NiIsInR5cCI6IkpXVCJ9.eyJhY2Nlc3NfdG9rZW5fZmllbGQiOjExMDA1MzIsImV4cCI6MTc3OTE5MjQzNSwib3JpZ19pYXQiOjE3NzkxMDYwMzV9.TRDd5c2kWC7sPjxZWoF-rCn7yG-FFLMeBzPZzmPkmKk
1100528,perf_login_000523,eyJhbGciOiJIUzI1NiIsInR5cCI6IkpXVCJ9.eyJhY2Nlc3NfdG9rZW5fZmllbGQiOjExMDA1MjgsImV4cCI6MTc3OTE5MjQzNSwib3JpZ19pYXQiOjE3NzkxMDYwMzV9.kDZFqwhJsOJarPINXTg1z_W-1-kCXe8-ggnua7YXK5Y
1100535,perf_login_000530,eyJhbGciOiJIUzI1NiIsInR5cCI6IkpXVCJ9.eyJhY2Nlc3NfdG9rZW5fZmllbGQiOjExMDA1MzUsImV4cCI6MTc3OTE5MjQzNSwib3JpZ19pYXQiOjE3NzkxMDYwMzV9.ARA7NJDKrgJuJPAdD93y7pSIm_7Y5S6uIIiB0nelRnY
1100531,perf_login_000526,eyJhbGciOiJIUzI1NiIsInR5cCI6IkpXVCJ9.eyJhY2Nlc3NfdG9rZW5fZmllbGQiOjExMDA1MzEsImV4cCI6MTc3OTE5MjQzNSwib3JpZ19pYXQiOjE3NzkxMDYwMzV9.V1guNw1HNRIhv2mVpH5i9TK4Oe2rgnQyu3sEYQkO7HM
1100533,perf_login_000528,eyJhbGciOiJIUzI1NiIsInR5cCI6IkpXVCJ9.eyJhY2Nlc3NfdG9rZW5fZmllbGQiOjExMDA1MzMsImV4cCI6MTc3OTE5MjQzNSwib3JpZ19pYXQiOjE3NzkxMDYwMzV9.HFUo6ZKN_xYkfez9NzyxNz_vDx47RWunXD1aVB7Qt5U
1100539,perf_login_000534,eyJhbGciOiJIUzI1NiIsInR5cCI6IkpXVCJ9.eyJhY2Nlc3NfdG9rZW5fZmllbGQiOjExMDA1MzksImV4cCI6MTc3OTE5MjQzNSwib3JpZ19pYXQiOjE3NzkxMDYwMzV9.oQgpTMspNtOKAJbBi9R0J9TwLQLlfkwfp_ylajplHps
1100538,perf_login_000533,eyJhbGciOiJIUzI1NiIsInR5cCI6IkpXVCJ9.eyJhY2Nlc3NfdG9rZW5fZmllbGQiOjExMDA1MzgsImV4cCI6MTc3OTE5MjQzNSwib3JpZ19pYXQiOjE3NzkxMDYwMzV9.O4YVukjbDCEvGGb-47nW4H_ReGCSMSNfWk-LGrdQ0ps
1100541,perf_login_000536,eyJhbGciOiJIUzI1NiIsInR5cCI6IkpXVCJ9.eyJhY2Nlc3NfdG9rZW5fZmllbGQiOjExMDA1NDEsImV4cCI6MTc3OTE5MjQzNSwib3JpZ19pYXQiOjE3NzkxMDYwMzV9.PfnbGupAHCCXPjiG-4LCyFFoz5lkX2hbBk3-n9VbG4w
1100536,perf_login_000531,eyJhbGciOiJIUzI1NiIsInR5cCI6IkpXVCJ9.eyJhY2Nlc3NfdG9rZW5fZmllbGQiOjExMDA1MzYsImV4cCI6MTc3OTE5MjQzNSwib3JpZ19pYXQiOjE3NzkxMDYwMzV9.hUsM30tDsCLBU63rjCcvBzTcfSAt-cdqKCfSw4LZUHg
1100537,perf_login_000532,eyJhbGciOiJIUzI1NiIsInR5cCI6IkpXVCJ9.eyJhY2Nlc3NfdG9rZW5fZmllbGQiOjExMDA1MzcsImV4cCI6MTc3OTE5MjQzNSwib3JpZ19pYXQiOjE3NzkxMDYwMzV9.IFLy95yenimuo6b_3aruNYqrcwquIe8QGjKLgZZF-G4
1100540,perf_login_000535,eyJhbGciOiJIUzI1NiIsInR5cCI6IkpXVCJ9.eyJhY2Nlc3NfdG9rZW5fZmllbGQiOjExMDA1NDAsImV4cCI6MTc3OTE5MjQzNSwib3JpZ19pYXQiOjE3NzkxMDYwMzV9.tX594TAwb-s1Zco0JTpWqr4-Mebf0IF-qswRxnA5UpY
1100543,perf_login_000538,eyJhbGciOiJIUzI1NiIsInR5cCI6IkpXVCJ9.eyJhY2Nlc3NfdG9rZW5fZmllbGQiOjExMDA1NDMsImV4cCI6MTc3OTE5MjQzNSwib3JpZ19pYXQiOjE3NzkxMDYwMzV9.-sx65bZIyXSNc-EMbIl898Vk2nwHO1fwodA9XqIXvYI
1100542,perf_login_000537,eyJhbGciOiJIUzI1NiIsInR5cCI6IkpXVCJ9.eyJhY2Nlc3NfdG9rZW5fZmllbGQiOjExMDA1NDIsImV4cCI6MTc3OTE5MjQzNSwib3JpZ19pYXQiOjE3NzkxMDYwMzV9.zhvCMq78rxMtgrO3ozGj5lvapm2nJ0bRwPTnduG2iwc
1100550,perf_login_000544,eyJhbGciOiJIUzI1NiIsInR5cCI6IkpXVCJ9.eyJhY2Nlc3NfdG9rZW5fZmllbGQiOjExMDA1NTAsImV4cCI6MTc3OTE5MjQzNSwib3JpZ19pYXQiOjE3NzkxMDYwMzV9.WQgEqSUwD1M3I5dVpSScjJhhB0nVknuLIw6M9qn32eQ
1100551,perf_login_000546,eyJhbGciOiJIUzI1NiIsInR5cCI6IkpXVCJ9.eyJhY2Nlc3NfdG9rZW5fZmllbGQiOjExMDA1NTEsImV4cCI6MTc3OTE5MjQzNSwib3JpZ19pYXQiOjE3NzkxMDYwMzV9.dBbcT8XTCp0EZy2Af7Gs-es5ZbI-EoRJjmceG1aPtEI
1100546,perf_login_000540,eyJhbGciOiJIUzI1NiIsInR5cCI6IkpXVCJ9.eyJhY2Nlc3NfdG9rZW5fZmllbGQiOjExMDA1NDYsImV4cCI6MTc3OTE5MjQzNSwib3JpZ19pYXQiOjE3NzkxMDYwMzV9.sCrfK4d2LomeT0DoXKMBNPg1NpbqU_ZVtpesxKTBS3o
1100544,perf_login_000539,eyJhbGciOiJIUzI1NiIsInR5cCI6IkpXVCJ9.eyJhY2Nlc3NfdG9rZW5fZmllbGQiOjExMDA1NDQsImV4cCI6MTc3OTE5MjQzNSwib3JpZ19pYXQiOjE3NzkxMDYwMzV9.o4US58yKfR3iPeRSmjyNzAe_pSfPFGQLNSyRWZrssXc
1100548,perf_login_000543,eyJhbGciOiJIUzI1NiIsInR5cCI6IkpXVCJ9.eyJhY2Nlc3NfdG9rZW5fZmllbGQiOjExMDA1NDgsImV4cCI6MTc3OTE5MjQzNSwib3JpZ19pYXQiOjE3NzkxMDYwMzV9.VyMDlZ219H0M4y48VLI7x6DcOet5Vn673FSuHpQJfM8
1100545,perf_login_000541,eyJhbGciOiJIUzI1NiIsInR5cCI6IkpXVCJ9.eyJhY2Nlc3NfdG9rZW5fZmllbGQiOjExMDA1NDUsImV4cCI6MTc3OTE5MjQzNSwib3JpZ19pYXQiOjE3NzkxMDYwMzV9.zXd4UMetQW7VyHa2KfQhoojJSamvug6rNMrEp7aixnM
1100549,perf_login_000545,eyJhbGciOiJIUzI1NiIsInR5cCI6IkpXVCJ9.eyJhY2Nlc3NfdG9rZW5fZmllbGQiOjExMDA1NDksImV4cCI6MTc3OTE5MjQzNSwib3JpZ19pYXQiOjE3NzkxMDYwMzV9.8h_cwrbsSemEpTonoAjNfCoRvasDzhuHESXMHEjn1d4
1100547,perf_login_000542,eyJhbGciOiJIUzI1NiIsInR5cCI6IkpXVCJ9.eyJhY2Nlc3NfdG9rZW5fZmllbGQiOjExMDA1NDcsImV4cCI6MTc3OTE5MjQzNSwib3JpZ19pYXQiOjE3NzkxMDYwMzV9.UgF5EwI6sV3yCUspV4OsQ0O2zwMMEmUVzCl41t0iTeY
1100555,perf_login_000550,eyJhbGciOiJIUzI1NiIsInR5cCI6IkpXVCJ9.eyJhY2Nlc3NfdG9rZW5fZmllbGQiOjExMDA1NTUsImV4cCI6MTc3OTE5MjQzNSwib3JpZ19pYXQiOjE3NzkxMDYwMzV9.iE76FIvzwkK_Uim9I78C7t2_iw6Liq0OSUv68AtCGao
1100552,perf_login_000547,eyJhbGciOiJIUzI1NiIsInR5cCI6IkpXVCJ9.eyJhY2Nlc3NfdG9rZW5fZmllbGQiOjExMDA1NTIsImV4cCI6MTc3OTE5MjQzNSwib3JpZ19pYXQiOjE3NzkxMDYwMzV9.JjAB9AxeLdUljFTChpAnsojajKqrnyxLue0RNdvI0Rs
1100556,perf_login_000551,eyJhbGciOiJIUzI1NiIsInR5cCI6IkpXVCJ9.eyJhY2Nlc3NfdG9rZW5fZmllbGQiOjExMDA1NTYsImV4cCI6MTc3OTE5MjQzNSwib3JpZ19pYXQiOjE3NzkxMDYwMzV9.7mpi6NQ5AhYj95fwuR89MmrCSGpoDwsT9wV9uZ1IxT4
1100553,perf_login_000548,eyJhbGciOiJIUzI1NiIsInR5cCI6IkpXVCJ9.eyJhY2Nlc3NfdG9rZW5fZmllbGQiOjExMDA1NTMsImV4cCI6MTc3OTE5MjQzNSwib3JpZ19pYXQiOjE3NzkxMDYwMzV9.XGytHAZDzebNEsjLGXMixq1rPELoOMF2Vjdc_6RedMg
1100554,perf_login_000549,eyJhbGciOiJIUzI1NiIsInR5cCI6IkpXVCJ9.eyJhY2Nlc3NfdG9rZW5fZmllbGQiOjExMDA1NTQsImV4cCI6MTc3OTE5MjQzNSwib3JpZ19pYXQiOjE3NzkxMDYwMzV9.QUKSKK3J5jIu98VkQ3LROkc_-VsJrGjd1Q0Y502v-IQ
1100557,perf_login_000552,eyJhbGciOiJIUzI1NiIsInR5cCI6IkpXVCJ9.eyJhY2Nlc3NfdG9rZW5fZmllbGQiOjExMDA1NTcsImV4cCI6MTc3OTE5MjQzNSwib3JpZ19pYXQiOjE3NzkxMDYwMzV9.OjSKjZzY6bniaP0Ep1sp4Q9roxXnKjfoo5Lo4Ambxjo
1100559,perf_login_000554,eyJhbGciOiJIUzI1NiIsInR5cCI6IkpXVCJ9.eyJhY2Nlc3NfdG9rZW5fZmllbGQiOjExMDA1NTksImV4cCI6MTc3OTE5MjQzNSwib3JpZ19pYXQiOjE3NzkxMDYwMzV9.d8k_SfPnHs4_QolTVH0tRFuDaSaqmaoU3TEMHXbswSY
1100558,perf_login_000553,eyJhbGciOiJIUzI1NiIsInR5cCI6IkpXVCJ9.eyJhY2Nlc3NfdG9rZW5fZmllbGQiOjExMDA1NTgsImV4cCI6MTc3OTE5MjQzNSwib3JpZ19pYXQiOjE3NzkxMDYwMzV9.1xd_bInGq4maZG1uFJjNRTj9uuwtQjR3u2NmLJKviuA
1100561,perf_login_000556,eyJhbGciOiJIUzI1NiIsInR5cCI6IkpXVCJ9.eyJhY2Nlc3NfdG9rZW5fZmllbGQiOjExMDA1NjEsImV4cCI6MTc3OTE5MjQzNSwib3JpZ19pYXQiOjE3NzkxMDYwMzV9.A2C1gaBSTE6aSmdZVCbs7L2YmI919c3MQAflbt10-0o
1100566,perf_login_000561,eyJhbGciOiJIUzI1NiIsInR5cCI6IkpXVCJ9.eyJhY2Nlc3NfdG9rZW5fZmllbGQiOjExMDA1NjYsImV4cCI6MTc3OTE5MjQzNSwib3JpZ19pYXQiOjE3NzkxMDYwMzV9.zfSdNmVmqTueEFxGcPLqH38uN4FXBNBKu67cOJDKfac
1100563,perf_login_000558,eyJhbGciOiJIUzI1NiIsInR5cCI6IkpXVCJ9.eyJhY2Nlc3NfdG9rZW5fZmllbGQiOjExMDA1NjMsImV4cCI6MTc3OTE5MjQzNSwib3JpZ19pYXQiOjE3NzkxMDYwMzV9.OMxHhTkIdtKsun0MkcXbvk816VXnpfQ_5NxBV7nWMI0
1100567,perf_login_000562,eyJhbGciOiJIUzI1NiIsInR5cCI6IkpXVCJ9.eyJhY2Nlc3NfdG9rZW5fZmllbGQiOjExMDA1NjcsImV4cCI6MTc3OTE5MjQzNSwib3JpZ19pYXQiOjE3NzkxMDYwMzV9.1iP7dR2et_neZ1yF899XB9hQ11bH4uDQw8OOn-_M_Sc
1100565,perf_login_000560,eyJhbGciOiJIUzI1NiIsInR5cCI6IkpXVCJ9.eyJhY2Nlc3NfdG9rZW5fZmllbGQiOjExMDA1NjUsImV4cCI6MTc3OTE5MjQzNSwib3JpZ19pYXQiOjE3NzkxMDYwMzV9.F0M8EevYB_96zz_bZ42-WtWYnfVPYYBpJpysPboPmSo
1100562,perf_login_000557,eyJhbGciOiJIUzI1NiIsInR5cCI6IkpXVCJ9.eyJhY2Nlc3NfdG9rZW5fZmllbGQiOjExMDA1NjIsImV4cCI6MTc3OTE5MjQzNSwib3JpZ19pYXQiOjE3NzkxMDYwMzV9.AnX8-SeKyJqLrmCnWVQ5dsAtKWvgrfkyUzvZRG395WE
1100564,perf_login_000559,eyJhbGciOiJIUzI1NiIsInR5cCI6IkpXVCJ9.eyJhY2Nlc3NfdG9rZW5fZmllbGQiOjExMDA1NjQsImV4cCI6MTc3OTE5MjQzNSwib3JpZ19pYXQiOjE3NzkxMDYwMzV9.fgA6qR4pQ3ew7w4bRbA4-tDEjham8CvCMLlTM6sLXPM
1100560,perf_login_000555,eyJhbGciOiJIUzI1NiIsInR5cCI6IkpXVCJ9.eyJhY2Nlc3NfdG9rZW5fZmllbGQiOjExMDA1NjAsImV4cCI6MTc3OTE5MjQzNSwib3JpZ19pYXQiOjE3NzkxMDYwMzV9.DIbOFwUCFZAxJSxUwJuqvo1eTdszI-9-LpA_9Pjl5so
1100568,perf_login_000563,eyJhbGciOiJIUzI1NiIsInR5cCI6IkpXVCJ9.eyJhY2Nlc3NfdG9rZW5fZmllbGQiOjExMDA1NjgsImV4cCI6MTc3OTE5MjQzNiwib3JpZ19pYXQiOjE3NzkxMDYwMzZ9.1O_rAgYwTB8ab1V-6TJozBTYaTfFapmvPifanf4X9LQ
1100571,perf_login_000565,eyJhbGciOiJIUzI1NiIsInR5cCI6IkpXVCJ9.eyJhY2Nlc3NfdG9rZW5fZmllbGQiOjExMDA1NzEsImV4cCI6MTc3OTE5MjQzNiwib3JpZ19pYXQiOjE3NzkxMDYwMzZ9.VDIz5LZeFa_EJqcmjqlkbcWF_Yykdj3CHeA1cpoZSkk
1100570,perf_login_000569,eyJhbGciOiJIUzI1NiIsInR5cCI6IkpXVCJ9.eyJhY2Nlc3NfdG9rZW5fZmllbGQiOjExMDA1NzAsImV4cCI6MTc3OTE5MjQzNiwib3JpZ19pYXQiOjE3NzkxMDYwMzZ9.sElAprt4-2lcuSy1Dl3lH1SpSLsHGvAtFTN5Uv51C3Y
1100573,perf_login_000566,eyJhbGciOiJIUzI1NiIsInR5cCI6IkpXVCJ9.eyJhY2Nlc3NfdG9rZW5fZmllbGQiOjExMDA1NzMsImV4cCI6MTc3OTE5MjQzNiwib3JpZ19pYXQiOjE3NzkxMDYwMzZ9.6HPz2fSqF-cc0P4XTZbS3QuEmkPcQFE3RKDh8UKiXS8
1100574,perf_login_000568,eyJhbGciOiJIUzI1NiIsInR5cCI6IkpXVCJ9.eyJhY2Nlc3NfdG9rZW5fZmllbGQiOjExMDA1NzQsImV4cCI6MTc3OTE5MjQzNiwib3JpZ19pYXQiOjE3NzkxMDYwMzZ9.n1GKz79NF80Sdr0oli3EBPvPI1BaiRMkDn1Xk3CdifI
1100569,perf_login_000570,eyJhbGciOiJIUzI1NiIsInR5cCI6IkpXVCJ9.eyJhY2Nlc3NfdG9rZW5fZmllbGQiOjExMDA1NjksImV4cCI6MTc3OTE5MjQzNiwib3JpZ19pYXQiOjE3NzkxMDYwMzZ9.RTOnRGATIsXFJ8i_hMd98p3AmE_JOEW01EEheAdy0A4
1100572,perf_login_000564,eyJhbGciOiJIUzI1NiIsInR5cCI6IkpXVCJ9.eyJhY2Nlc3NfdG9rZW5fZmllbGQiOjExMDA1NzIsImV4cCI6MTc3OTE5MjQzNiwib3JpZ19pYXQiOjE3NzkxMDYwMzZ9.xFaYEACnuVNPcKdKWuzq9lBpkNK5MzGPRGWlwgRnPes
1100575,perf_login_000567,eyJhbGciOiJIUzI1NiIsInR5cCI6IkpXVCJ9.eyJhY2Nlc3NfdG9rZW5fZmllbGQiOjExMDA1NzUsImV4cCI6MTc3OTE5MjQzNiwib3JpZ19pYXQiOjE3NzkxMDYwMzZ9.kmingGoVzhK3GUhbmiqIPBbePWcF0dOwpoCST-S2_R0
1100577,perf_login_000572,eyJhbGciOiJIUzI1NiIsInR5cCI6IkpXVCJ9.eyJhY2Nlc3NfdG9rZW5fZmllbGQiOjExMDA1NzcsImV4cCI6MTc3OTE5MjQzNiwib3JpZ19pYXQiOjE3NzkxMDYwMzZ9.m4DkwAidD0cK6cDklo3yayVzfCVGsY-gR1xV0P8yv5w
1100578,perf_login_000573,eyJhbGciOiJIUzI1NiIsInR5cCI6IkpXVCJ9.eyJhY2Nlc3NfdG9rZW5fZmllbGQiOjExMDA1NzgsImV4cCI6MTc3OTE5MjQzNiwib3JpZ19pYXQiOjE3NzkxMDYwMzZ9.3ICIBBGP9GZwgihGxw5Zz2EFnhuRm_A-AgVViihR498
1100576,perf_login_000571,eyJhbGciOiJIUzI1NiIsInR5cCI6IkpXVCJ9.eyJhY2Nlc3NfdG9rZW5fZmllbGQiOjExMDA1NzYsImV4cCI6MTc3OTE5MjQzNiwib3JpZ19pYXQiOjE3NzkxMDYwMzZ9.0h-h7zcRqpzVUmBtNTP1HTbbQ08jXSAEckkpx_n6o2U
1100582,perf_login_000575,eyJhbGciOiJIUzI1NiIsInR5cCI6IkpXVCJ9.eyJhY2Nlc3NfdG9rZW5fZmllbGQiOjExMDA1ODIsImV4cCI6MTc3OTE5MjQzNiwib3JpZ19pYXQiOjE3NzkxMDYwMzZ9.nJgKO9Qw2D16230E6GDW-kducIyRWVpEfSzRTyCH2hY
1100580,perf_login_000576,eyJhbGciOiJIUzI1NiIsInR5cCI6IkpXVCJ9.eyJhY2Nlc3NfdG9rZW5fZmllbGQiOjExMDA1ODAsImV4cCI6MTc3OTE5MjQzNiwib3JpZ19pYXQiOjE3NzkxMDYwMzZ9.Qcg8woLj3hqr2ZCHxozt0K_6VL-rsqGU9InW9Y3umos
1100588,perf_login_000586,eyJhbGciOiJIUzI1NiIsInR5cCI6IkpXVCJ9.eyJhY2Nlc3NfdG9rZW5fZmllbGQiOjExMDA1ODgsImV4cCI6MTc3OTE5MjQzNiwib3JpZ19pYXQiOjE3NzkxMDYwMzZ9.vtdJaJJwnhiQbAGnGFcVNxFVzZquksjYDntCUsuQ10o
1100586,perf_login_000581,eyJhbGciOiJIUzI1NiIsInR5cCI6IkpXVCJ9.eyJhY2Nlc3NfdG9rZW5fZmllbGQiOjExMDA1ODYsImV4cCI6MTc3OTE5MjQzNiwib3JpZ19pYXQiOjE3NzkxMDYwMzZ9.7KsEwvKTPok0md2DPRJSUERbPxVaLn79KRNpRkDK1lU
1100587,perf_login_000584,eyJhbGciOiJIUzI1NiIsInR5cCI6IkpXVCJ9.eyJhY2Nlc3NfdG9rZW5fZmllbGQiOjExMDA1ODcsImV4cCI6MTc3OTE5MjQzNiwib3JpZ19pYXQiOjE3NzkxMDYwMzZ9.AIpowzeIQp9ALGg1gMpt53Nh-zuZZQemYUSjNo8BHYA
1100589,perf_login_000585,eyJhbGciOiJIUzI1NiIsInR5cCI6IkpXVCJ9.eyJhY2Nlc3NfdG9rZW5fZmllbGQiOjExMDA1ODksImV4cCI6MTc3OTE5MjQzNiwib3JpZ19pYXQiOjE3NzkxMDYwMzZ9.klJhI1ADgGVrk3mIB4wrpElxkJhEVJ64ZYV1d7f3RCg
1100596,perf_login_000594,eyJhbGciOiJIUzI1NiIsInR5cCI6IkpXVCJ9.eyJhY2Nlc3NfdG9rZW5fZmllbGQiOjExMDA1OTYsImV4cCI6MTc3OTE5MjQzNiwib3JpZ19pYXQiOjE3NzkxMDYwMzZ9.3AKLIyJk2qNRTvGhZwbbUFPiW0-2wTlQdSTEoZkhgP0
1100590,perf_login_000587,eyJhbGciOiJIUzI1NiIsInR5cCI6IkpXVCJ9.eyJhY2Nlc3NfdG9rZW5fZmllbGQiOjExMDA1OTAsImV4cCI6MTc3OTE5MjQzNiwib3JpZ19pYXQiOjE3NzkxMDYwMzZ9.Ol6RT0sT99eNW5d08i2T6eBH6ILfVXVIY2d95603dRs
1100595,perf_login_000592,eyJhbGciOiJIUzI1NiIsInR5cCI6IkpXVCJ9.eyJhY2Nlc3NfdG9rZW5fZmllbGQiOjExMDA1OTUsImV4cCI6MTc3OTE5MjQzNiwib3JpZ19pYXQiOjE3NzkxMDYwMzZ9.wbSofJqdhBcKDR2hYvaEGS-CxguMK12xQFky9ZjQrBI
1100597,perf_login_000593,eyJhbGciOiJIUzI1NiIsInR5cCI6IkpXVCJ9.eyJhY2Nlc3NfdG9rZW5fZmllbGQiOjExMDA1OTcsImV4cCI6MTc3OTE5MjQzNiwib3JpZ19pYXQiOjE3NzkxMDYwMzZ9.cM69MK1TXOXcwKezV_6UVe2a-IAqOje6h3QOGQ-zlsA
1100594,perf_login_000591,eyJhbGciOiJIUzI1NiIsInR5cCI6IkpXVCJ9.eyJhY2Nlc3NfdG9rZW5fZmllbGQiOjExMDA1OTQsImV4cCI6MTc3OTE5MjQzNiwib3JpZ19pYXQiOjE3NzkxMDYwMzZ9.XuAYc9XGIM93NxlHnQJ8yT_wDaejubKH51AUKf7OakU
1100591,perf_login_000588,eyJhbGciOiJIUzI1NiIsInR5cCI6IkpXVCJ9.eyJhY2Nlc3NfdG9rZW5fZmllbGQiOjExMDA1OTEsImV4cCI6MTc3OTE5MjQzNiwib3JpZ19pYXQiOjE3NzkxMDYwMzZ9.dUKIQMv77OcX3efpAwtCtJkFgDkUlOVuiewGGdA_HYo
1100593,perf_login_000589,eyJhbGciOiJIUzI1NiIsInR5cCI6IkpXVCJ9.eyJhY2Nlc3NfdG9rZW5fZmllbGQiOjExMDA1OTMsImV4cCI6MTc3OTE5MjQzNiwib3JpZ19pYXQiOjE3NzkxMDYwMzZ9.MARgvPzAgtZJUSOCT7MidM8uyfpRkjwisNmNcDXEEuA
1100592,perf_login_000590,eyJhbGciOiJIUzI1NiIsInR5cCI6IkpXVCJ9.eyJhY2Nlc3NfdG9rZW5fZmllbGQiOjExMDA1OTIsImV4cCI6MTc3OTE5MjQzNiwib3JpZ19pYXQiOjE3NzkxMDYwMzZ9.zQF9IlMMnqplWC1Annq3Uixn2kjAGKKkfYPPxExg5Io
1100602,perf_login_000599,eyJhbGciOiJIUzI1NiIsInR5cCI6IkpXVCJ9.eyJhY2Nlc3NfdG9rZW5fZmllbGQiOjExMDA2MDIsImV4cCI6MTc3OTE5MjQzNiwib3JpZ19pYXQiOjE3NzkxMDYwMzZ9.Y8J4U1rb3pITV0umD8WyPcnnRVd86NP1keyyU1UKWbg
1100600,perf_login_000596,eyJhbGciOiJIUzI1NiIsInR5cCI6IkpXVCJ9.eyJhY2Nlc3NfdG9rZW5fZmllbGQiOjExMDA2MDAsImV4cCI6MTc3OTE5MjQzNiwib3JpZ19pYXQiOjE3NzkxMDYwMzZ9.0YjY8aAbAMz-zaSHC-H27dv8eqzl_sRH8cWCFMHNUH0
1100604,perf_login_000600,eyJhbGciOiJIUzI1NiIsInR5cCI6IkpXVCJ9.eyJhY2Nlc3NfdG9rZW5fZmllbGQiOjExMDA2MDQsImV4cCI6MTc3OTE5MjQzNiwib3JpZ19pYXQiOjE3NzkxMDYwMzZ9.8d2wOIaIUuFuYoxmkl4yxUxINkXrfsbfLJtK1sgo7MQ
1100598,perf_login_000595,eyJhbGciOiJIUzI1NiIsInR5cCI6IkpXVCJ9.eyJhY2Nlc3NfdG9rZW5fZmllbGQiOjExMDA1OTgsImV4cCI6MTc3OTE5MjQzNiwib3JpZ19pYXQiOjE3NzkxMDYwMzZ9.cbgD6J0JvXjUjTElzhZdrBshj5HHpIInoNut2UPLaOs
1100601,perf_login_000597,eyJhbGciOiJIUzI1NiIsInR5cCI6IkpXVCJ9.eyJhY2Nlc3NfdG9rZW5fZmllbGQiOjExMDA2MDEsImV4cCI6MTc3OTE5MjQzNiwib3JpZ19pYXQiOjE3NzkxMDYwMzZ9.nbtiSEY7uF0Xa_mzQII4HpmCyrrbdu9r6X9aq_5oXco
1100599,perf_login_000598,eyJhbGciOiJIUzI1NiIsInR5cCI6IkpXVCJ9.eyJhY2Nlc3NfdG9rZW5fZmllbGQiOjExMDA1OTksImV4cCI6MTc3OTE5MjQzNiwib3JpZ19pYXQiOjE3NzkxMDYwMzZ9.E4_eyfDk6Izx4FO6Yhra8uqDUDB3oJMXlihLb38wnJQ
1100605,perf_login_000601,eyJhbGciOiJIUzI1NiIsInR5cCI6IkpXVCJ9.eyJhY2Nlc3NfdG9rZW5fZmllbGQiOjExMDA2MDUsImV4cCI6MTc3OTE5MjQzNiwib3JpZ19pYXQiOjE3NzkxMDYwMzZ9.trIBDmPt09Q_eDO0sikNf44kZ5kRMJhrI5wuLguCWVg
1100603,perf_login_000602,eyJhbGciOiJIUzI1NiIsInR5cCI6IkpXVCJ9.eyJhY2Nlc3NfdG9rZW5fZmllbGQiOjExMDA2MDMsImV4cCI6MTc3OTE5MjQzNiwib3JpZ19pYXQiOjE3NzkxMDYwMzZ9.GVwD9SeCNHmdvZ6q2hOmfJzV0QXcJoQP_heLMGdNcMI
1100607,perf_login_000603,eyJhbGciOiJIUzI1NiIsInR5cCI6IkpXVCJ9.eyJhY2Nlc3NfdG9rZW5fZmllbGQiOjExMDA2MDcsImV4cCI6MTc3OTE5MjQzNiwib3JpZ19pYXQiOjE3NzkxMDYwMzZ9.3YJoyrCAlt4irXxP8XqDF8Vve-guGwX7IKTgdT0Dftw
1100606,perf_login_000604,eyJhbGciOiJIUzI1NiIsInR5cCI6IkpXVCJ9.eyJhY2Nlc3NfdG9rZW5fZmllbGQiOjExMDA2MDYsImV4cCI6MTc3OTE5MjQzNiwib3JpZ19pYXQiOjE3NzkxMDYwMzZ9.c-jbh_VK52f-hT7UFd37XUYTzP19-YuKE7yiYiik1F0
1100611,perf_login_000607,eyJhbGciOiJIUzI1NiIsInR5cCI6IkpXVCJ9.eyJhY2Nlc3NfdG9rZW5fZmllbGQiOjExMDA2MTEsImV4cCI6MTc3OTE5MjQzNiwib3JpZ19pYXQiOjE3NzkxMDYwMzZ9.2zooJrfvxmrEmzul3RSVBGkmwT58iwkxjsiQC1PMws8
1100608,perf_login_000605,eyJhbGciOiJIUzI1NiIsInR5cCI6IkpXVCJ9.eyJhY2Nlc3NfdG9rZW5fZmllbGQiOjExMDA2MDgsImV4cCI6MTc3OTE5MjQzNiwib3JpZ19pYXQiOjE3NzkxMDYwMzZ9.22CTxrn9oJfvgr9KlwqE16zqOeFIih792iwbaTBlOSs
1100613,perf_login_000610,eyJhbGciOiJIUzI1NiIsInR5cCI6IkpXVCJ9.eyJhY2Nlc3NfdG9rZW5fZmllbGQiOjExMDA2MTMsImV4cCI6MTc3OTE5MjQzNiwib3JpZ19pYXQiOjE3NzkxMDYwMzZ9.s4NlagGDNkqrmt77uzWsNVNInXhzdH-h8-mOmLBUBJo
1100609,perf_login_000606,eyJhbGciOiJIUzI1NiIsInR5cCI6IkpXVCJ9.eyJhY2Nlc3NfdG9rZW5fZmllbGQiOjExMDA2MDksImV4cCI6MTc3OTE5MjQzNiwib3JpZ19pYXQiOjE3NzkxMDYwMzZ9.G2_D001O6B7MgICssO3d1FoAE80HocWKnYcxWIhq4Zc
1100610,perf_login_000608,eyJhbGciOiJIUzI1NiIsInR5cCI6IkpXVCJ9.eyJhY2Nlc3NfdG9rZW5fZmllbGQiOjExMDA2MTAsImV4cCI6MTc3OTE5MjQzNiwib3JpZ19pYXQiOjE3NzkxMDYwMzZ9.dUaOqvRlmYnbd3jNwnDGVmKdamjO15zukB0CazXFpGs
1100612,perf_login_000609,eyJhbGciOiJIUzI1NiIsInR5cCI6IkpXVCJ9.eyJhY2Nlc3NfdG9rZW5fZmllbGQiOjExMDA2MTIsImV4cCI6MTc3OTE5MjQzNiwib3JpZ19pYXQiOjE3NzkxMDYwMzZ9.BqoePUD8Aqrfj7LvYgo8XznAyNa71V5Zt2kmGKMNliM
1100619,perf_login_000616,eyJhbGciOiJIUzI1NiIsInR5cCI6IkpXVCJ9.eyJhY2Nlc3NfdG9rZW5fZmllbGQiOjExMDA2MTksImV4cCI6MTc3OTE5MjQzNywib3JpZ19pYXQiOjE3NzkxMDYwMzd9.p9XngQDaCSmMRK9JTOevHIiVj8dmOYMS4vIZRrHpxYY
1100620,perf_login_000617,eyJhbGciOiJIUzI1NiIsInR5cCI6IkpXVCJ9.eyJhY2Nlc3NfdG9rZW5fZmllbGQiOjExMDA2MjAsImV4cCI6MTc3OTE5MjQzNywib3JpZ19pYXQiOjE3NzkxMDYwMzd9.uQXk52O6aBcYe7oxkmkNr7hNDi6biZLf72YQcV2mIkU
1100614,perf_login_000612,eyJhbGciOiJIUzI1NiIsInR5cCI6IkpXVCJ9.eyJhY2Nlc3NfdG9rZW5fZmllbGQiOjExMDA2MTQsImV4cCI6MTc3OTE5MjQzNywib3JpZ19pYXQiOjE3NzkxMDYwMzd9.EviDwZ567b7AuySvKW6uJ_cYZFAgvwcJ-YXBUWdKgWE
1100616,perf_login_000611,eyJhbGciOiJIUzI1NiIsInR5cCI6IkpXVCJ9.eyJhY2Nlc3NfdG9rZW5fZmllbGQiOjExMDA2MTYsImV4cCI6MTc3OTE5MjQzNywib3JpZ19pYXQiOjE3NzkxMDYwMzd9.yCW9Cc3OLXoSrERzzmnEf7i3yYNakRePtGwywQEX8Cs
1100621,perf_login_000618,eyJhbGciOiJIUzI1NiIsInR5cCI6IkpXVCJ9.eyJhY2Nlc3NfdG9rZW5fZmllbGQiOjExMDA2MjEsImV4cCI6MTc3OTE5MjQzNywib3JpZ19pYXQiOjE3NzkxMDYwMzd9.6_zy00arDYWwz3EAKUKQ-3I-VBmqU9u0LvyolsQbibA
1100615,perf_login_000614,eyJhbGciOiJIUzI1NiIsInR5cCI6IkpXVCJ9.eyJhY2Nlc3NfdG9rZW5fZmllbGQiOjExMDA2MTUsImV4cCI6MTc3OTE5MjQzNywib3JpZ19pYXQiOjE3NzkxMDYwMzd9.vNUikU3CxW-YSsRVcjMH0AtquMYurNPdSOj-dOycMqY
1100617,perf_login_000613,eyJhbGciOiJIUzI1NiIsInR5cCI6IkpXVCJ9.eyJhY2Nlc3NfdG9rZW5fZmllbGQiOjExMDA2MTcsImV4cCI6MTc3OTE5MjQzNywib3JpZ19pYXQiOjE3NzkxMDYwMzd9.X4rC0g8wb-Y8fdgtns6AYe54GfyPhyfckbvahCH0uoo
1100618,perf_login_000615,eyJhbGciOiJIUzI1NiIsInR5cCI6IkpXVCJ9.eyJhY2Nlc3NfdG9rZW5fZmllbGQiOjExMDA2MTgsImV4cCI6MTc3OTE5MjQzNywib3JpZ19pYXQiOjE3NzkxMDYwMzd9.9PpeUp3Pi6w_8dvWguJqNDNsCwwaydTLrYlJ-CjlTG4
1100625,perf_login_000623,eyJhbGciOiJIUzI1NiIsInR5cCI6IkpXVCJ9.eyJhY2Nlc3NfdG9rZW5fZmllbGQiOjExMDA2MjUsImV4cCI6MTc3OTE5MjQzNywib3JpZ19pYXQiOjE3NzkxMDYwMzd9.NAVG13_fnT8DFRz8Nbfg6yxPvQyWeOss0OdMVBFozhg
1100623,perf_login_000619,eyJhbGciOiJIUzI1NiIsInR5cCI6IkpXVCJ9.eyJhY2Nlc3NfdG9rZW5fZmllbGQiOjExMDA2MjMsImV4cCI6MTc3OTE5MjQzNywib3JpZ19pYXQiOjE3NzkxMDYwMzd9.2Kiv6dZFZUIkH0R6VAfpBaNpdJjKXk2aI06612eW0_M
1100622,perf_login_000620,eyJhbGciOiJIUzI1NiIsInR5cCI6IkpXVCJ9.eyJhY2Nlc3NfdG9rZW5fZmllbGQiOjExMDA2MjIsImV4cCI6MTc3OTE5MjQzNywib3JpZ19pYXQiOjE3NzkxMDYwMzd9.BQdZ3b1VBhuvHZ13Y0YFIfYdtOjuhQzQvLIZvSv55BU
1100624,perf_login_000621,eyJhbGciOiJIUzI1NiIsInR5cCI6IkpXVCJ9.eyJhY2Nlc3NfdG9rZW5fZmllbGQiOjExMDA2MjQsImV4cCI6MTc3OTE5MjQzNywib3JpZ19pYXQiOjE3NzkxMDYwMzd9._eonwpWjhf1dUJ3_pC-RCtFxp17xUa9esvwuBic8-aU
1100626,perf_login_000622,eyJhbGciOiJIUzI1NiIsInR5cCI6IkpXVCJ9.eyJhY2Nlc3NfdG9rZW5fZmllbGQiOjExMDA2MjYsImV4cCI6MTc3OTE5MjQzNywib3JpZ19pYXQiOjE3NzkxMDYwMzd9.F4-OB8LbZSs9YwQxUFS82jN2eseGL474yf2s5pAVFu8
1100627,perf_login_000624,eyJhbGciOiJIUzI1NiIsInR5cCI6IkpXVCJ9.eyJhY2Nlc3NfdG9rZW5fZmllbGQiOjExMDA2MjcsImV4cCI6MTc3OTE5MjQzNywib3JpZ19pYXQiOjE3NzkxMDYwMzd9.s2s_41bz3lYfgDtl5EmDDSrhH77CkaZvB9mYlqqIiLo
1100629,perf_login_000626,eyJhbGciOiJIUzI1NiIsInR5cCI6IkpXVCJ9.eyJhY2Nlc3NfdG9rZW5fZmllbGQiOjExMDA2MjksImV4cCI6MTc3OTE5MjQzNywib3JpZ19pYXQiOjE3NzkxMDYwMzd9.xYAwVcBs4ljAPLKGaHQr0V93wub-WV3tnN8MI-HFTvM
1100628,perf_login_000625,eyJhbGciOiJIUzI1NiIsInR5cCI6IkpXVCJ9.eyJhY2Nlc3NfdG9rZW5fZmllbGQiOjExMDA2MjgsImV4cCI6MTc3OTE5MjQzNywib3JpZ19pYXQiOjE3NzkxMDYwMzd9.ABxA7bUlWOaBWRtIq8RxkXWyGFS8lfpyG-T-xb3cWFE
1100637,perf_login_000634,eyJhbGciOiJIUzI1NiIsInR5cCI6IkpXVCJ9.eyJhY2Nlc3NfdG9rZW5fZmllbGQiOjExMDA2MzcsImV4cCI6MTc3OTE5MjQzNywib3JpZ19pYXQiOjE3NzkxMDYwMzd9.LCt8gfmVkKtWNI1ylldLlO2KmqPwFtjV2lvrepCXrYs
1100636,perf_login_000633,eyJhbGciOiJIUzI1NiIsInR5cCI6IkpXVCJ9.eyJhY2Nlc3NfdG9rZW5fZmllbGQiOjExMDA2MzYsImV4cCI6MTc3OTE5MjQzNywib3JpZ19pYXQiOjE3NzkxMDYwMzd9.L49LZz7xSg2PPoGTmn2ishgoEpTMH_eWCXonf_zJ9Eo
1100635,perf_login_000632,eyJhbGciOiJIUzI1NiIsInR5cCI6IkpXVCJ9.eyJhY2Nlc3NfdG9rZW5fZmllbGQiOjExMDA2MzUsImV4cCI6MTc3OTE5MjQzNywib3JpZ19pYXQiOjE3NzkxMDYwMzd9.1UEw5nMtSo7jWl4lcMtUnkHoNx6cj3oGzUaR173FyNI
1100634,perf_login_000631,eyJhbGciOiJIUzI1NiIsInR5cCI6IkpXVCJ9.eyJhY2Nlc3NfdG9rZW5fZmllbGQiOjExMDA2MzQsImV4cCI6MTc3OTE5MjQzNywib3JpZ19pYXQiOjE3NzkxMDYwMzd9.lKS21lUflV7PFfbzWNYye6ckKXkCblhWnO8NWBRLg8A
1100632,perf_login_000629,eyJhbGciOiJIUzI1NiIsInR5cCI6IkpXVCJ9.eyJhY2Nlc3NfdG9rZW5fZmllbGQiOjExMDA2MzIsImV4cCI6MTc3OTE5MjQzNywib3JpZ19pYXQiOjE3NzkxMDYwMzd9.Xdd4twjiMFsJCHjISj9EfGhfNcYniOZkbeKOLpg_uMU
1100630,perf_login_000627,eyJhbGciOiJIUzI1NiIsInR5cCI6IkpXVCJ9.eyJhY2Nlc3NfdG9rZW5fZmllbGQiOjExMDA2MzAsImV4cCI6MTc3OTE5MjQzNywib3JpZ19pYXQiOjE3NzkxMDYwMzd9.kvMCCRsaT_meCb331zgzF5ofGHbg6v1SiVPHd50w4UY
1100631,perf_login_000628,eyJhbGciOiJIUzI1NiIsInR5cCI6IkpXVCJ9.eyJhY2Nlc3NfdG9rZW5fZmllbGQiOjExMDA2MzEsImV4cCI6MTc3OTE5MjQzNywib3JpZ19pYXQiOjE3NzkxMDYwMzd9.sUT8zg0yWfNv2-2JAdV0f_MTjRtkYCuriTgKr0V07Vo
1100633,perf_login_000630,eyJhbGciOiJIUzI1NiIsInR5cCI6IkpXVCJ9.eyJhY2Nlc3NfdG9rZW5fZmllbGQiOjExMDA2MzMsImV4cCI6MTc3OTE5MjQzNywib3JpZ19pYXQiOjE3NzkxMDYwMzd9.NlGp3w1p2XKBKMUntzcQllbqHi2u_7goeQfCGBl6eGQ
1100645,perf_login_000642,eyJhbGciOiJIUzI1NiIsInR5cCI6IkpXVCJ9.eyJhY2Nlc3NfdG9rZW5fZmllbGQiOjExMDA2NDUsImV4cCI6MTc3OTE5MjQzNywib3JpZ19pYXQiOjE3NzkxMDYwMzd9._ErriOnq7BJJVfTBqtpmp8Yioemcileef9_s1zoDOSY
1100644,perf_login_000641,eyJhbGciOiJIUzI1NiIsInR5cCI6IkpXVCJ9.eyJhY2Nlc3NfdG9rZW5fZmllbGQiOjExMDA2NDQsImV4cCI6MTc3OTE5MjQzNywib3JpZ19pYXQiOjE3NzkxMDYwMzd9.zDyU6wPuPFjaRjqM688VYWndlgfNB8t0BBgIZ0Oq0PU
1100642,perf_login_000636,eyJhbGciOiJIUzI1NiIsInR5cCI6IkpXVCJ9.eyJhY2Nlc3NfdG9rZW5fZmllbGQiOjExMDA2NDIsImV4cCI6MTc3OTE5MjQzNywib3JpZ19pYXQiOjE3NzkxMDYwMzd9.Nn_usWpjoQngx8UwyrvlIMen2-UbJVjPu4Z47D0VqjA
1100638,perf_login_000637,eyJhbGciOiJIUzI1NiIsInR5cCI6IkpXVCJ9.eyJhY2Nlc3NfdG9rZW5fZmllbGQiOjExMDA2MzgsImV4cCI6MTc3OTE5MjQzNywib3JpZ19pYXQiOjE3NzkxMDYwMzd9.dKuuYtk-jh0TJ9B9C0lnn55kqyyOguQGqtggAD47I8E
1100641,perf_login_000635,eyJhbGciOiJIUzI1NiIsInR5cCI6IkpXVCJ9.eyJhY2Nlc3NfdG9rZW5fZmllbGQiOjExMDA2NDEsImV4cCI6MTc3OTE5MjQzNywib3JpZ19pYXQiOjE3NzkxMDYwMzd9.m6I3W4WnJ_9Q7gZfsMQJMVHA0q6B6lfiKTDZb9z9mTU
1100643,perf_login_000640,eyJhbGciOiJIUzI1NiIsInR5cCI6IkpXVCJ9.eyJhY2Nlc3NfdG9rZW5fZmllbGQiOjExMDA2NDMsImV4cCI6MTc3OTE5MjQzNywib3JpZ19pYXQiOjE3NzkxMDYwMzd9.Y-9smgQJzRdGp-sT15skg6Vil1QZTxflXP1lRlDf_VM
1100640,perf_login_000639,eyJhbGciOiJIUzI1NiIsInR5cCI6IkpXVCJ9.eyJhY2Nlc3NfdG9rZW5fZmllbGQiOjExMDA2NDAsImV4cCI6MTc3OTE5MjQzNywib3JpZ19pYXQiOjE3NzkxMDYwMzd9.11UdlnfXvVa6yK5tlo-0g1zQxYUtk6SdVnuh-WHCpJk
1100639,perf_login_000638,eyJhbGciOiJIUzI1NiIsInR5cCI6IkpXVCJ9.eyJhY2Nlc3NfdG9rZW5fZmllbGQiOjExMDA2MzksImV4cCI6MTc3OTE5MjQzNywib3JpZ19pYXQiOjE3NzkxMDYwMzd9.NSEqSWIaEw1mxSTqiT9FTM1VFWMI54pgU0n4d1hMvw0
1100650,perf_login_000647,eyJhbGciOiJIUzI1NiIsInR5cCI6IkpXVCJ9.eyJhY2Nlc3NfdG9rZW5fZmllbGQiOjExMDA2NTAsImV4cCI6MTc3OTE5MjQzNywib3JpZ19pYXQiOjE3NzkxMDYwMzd9.Z_RGI0pdA7oeq6JlDIptR4yNITD-bnRoY0CyXvE8WuQ
1100646,perf_login_000643,eyJhbGciOiJIUzI1NiIsInR5cCI6IkpXVCJ9.eyJhY2Nlc3NfdG9rZW5fZmllbGQiOjExMDA2NDYsImV4cCI6MTc3OTE5MjQzNywib3JpZ19pYXQiOjE3NzkxMDYwMzd9.cQxuWExPEpt6dXd2exYVAc-aeb4t9VkkIJYRqFy62lk
1100647,perf_login_000645,eyJhbGciOiJIUzI1NiIsInR5cCI6IkpXVCJ9.eyJhY2Nlc3NfdG9rZW5fZmllbGQiOjExMDA2NDcsImV4cCI6MTc3OTE5MjQzNywib3JpZ19pYXQiOjE3NzkxMDYwMzd9.VW3P0nuRzCPCqN84I3RB9cAdmsLqqZSGTSH8F6-iVeM
1100648,perf_login_000646,eyJhbGciOiJIUzI1NiIsInR5cCI6IkpXVCJ9.eyJhY2Nlc3NfdG9rZW5fZmllbGQiOjExMDA2NDgsImV4cCI6MTc3OTE5MjQzNywib3JpZ19pYXQiOjE3NzkxMDYwMzd9.mNyVWsZkJaeqrTQftzwV2kHopWn9700ybE-Z194crAg
1100649,perf_login_000644,eyJhbGciOiJIUzI1NiIsInR5cCI6IkpXVCJ9.eyJhY2Nlc3NfdG9rZW5fZmllbGQiOjExMDA2NDksImV4cCI6MTc3OTE5MjQzNywib3JpZ19pYXQiOjE3NzkxMDYwMzd9.nTQs6fm5qUrPk7UXemGjAvP3trXkLhHXyhqGAixvn3s
1100651,perf_login_000648,eyJhbGciOiJIUzI1NiIsInR5cCI6IkpXVCJ9.eyJhY2Nlc3NfdG9rZW5fZmllbGQiOjExMDA2NTEsImV4cCI6MTc3OTE5MjQzNywib3JpZ19pYXQiOjE3NzkxMDYwMzd9.kFpds0Ljmdpnxqs9mekDLpnQmzvB_Vi6GTK3axQwRes
1100653,perf_login_000649,eyJhbGciOiJIUzI1NiIsInR5cCI6IkpXVCJ9.eyJhY2Nlc3NfdG9rZW5fZmllbGQiOjExMDA2NTMsImV4cCI6MTc3OTE5MjQzNywib3JpZ19pYXQiOjE3NzkxMDYwMzd9.KJlN8pI_TkueIgvyej0VxEMuUJIpvAXWk5BtwOVXTMA
1100660,perf_login_000657,eyJhbGciOiJIUzI1NiIsInR5cCI6IkpXVCJ9.eyJhY2Nlc3NfdG9rZW5fZmllbGQiOjExMDA2NjAsImV4cCI6MTc3OTE5MjQzNywib3JpZ19pYXQiOjE3NzkxMDYwMzd9.7TIWIuf-LKyNE23FsC1gPISVWSbhedyVk-Gr4Ig3_EU
1100659,perf_login_000656,eyJhbGciOiJIUzI1NiIsInR5cCI6IkpXVCJ9.eyJhY2Nlc3NfdG9rZW5fZmllbGQiOjExMDA2NTksImV4cCI6MTc3OTE5MjQzNywib3JpZ19pYXQiOjE3NzkxMDYwMzd9.JlZUsLxbeOKlEZV0Thdj7SjaWKp-zLcurAiG-kG74So
1100656,perf_login_000653,eyJhbGciOiJIUzI1NiIsInR5cCI6IkpXVCJ9.eyJhY2Nlc3NfdG9rZW5fZmllbGQiOjExMDA2NTYsImV4cCI6MTc3OTE5MjQzNywib3JpZ19pYXQiOjE3NzkxMDYwMzd9.HPZ1f-hAVIoR3pJLW0iYQEav_IP2xA5XCmOAU_tOpzE
1100657,perf_login_000654,eyJhbGciOiJIUzI1NiIsInR5cCI6IkpXVCJ9.eyJhY2Nlc3NfdG9rZW5fZmllbGQiOjExMDA2NTcsImV4cCI6MTc3OTE5MjQzNywib3JpZ19pYXQiOjE3NzkxMDYwMzd9.T97vLy_iEKUtQNVI2Z6HAwlI8D6Wc1LFUmHxInZdkTg
1100652,perf_login_000650,eyJhbGciOiJIUzI1NiIsInR5cCI6IkpXVCJ9.eyJhY2Nlc3NfdG9rZW5fZmllbGQiOjExMDA2NTIsImV4cCI6MTc3OTE5MjQzNywib3JpZ19pYXQiOjE3NzkxMDYwMzd9.oNKgQOFhqfAdhDmEUVAqz1BkOdxp9SgXVFfR3MMGFVY
1100658,perf_login_000655,eyJhbGciOiJIUzI1NiIsInR5cCI6IkpXVCJ9.eyJhY2Nlc3NfdG9rZW5fZmllbGQiOjExMDA2NTgsImV4cCI6MTc3OTE5MjQzNywib3JpZ19pYXQiOjE3NzkxMDYwMzd9.C6PJwduTdc_plZRMOygiFAC77aQIW6IWDGoxvQ0WrRk
1100654,perf_login_000652,eyJhbGciOiJIUzI1NiIsInR5cCI6IkpXVCJ9.eyJhY2Nlc3NfdG9rZW5fZmllbGQiOjExMDA2NTQsImV4cCI6MTc3OTE5MjQzNywib3JpZ19pYXQiOjE3NzkxMDYwMzd9.YZIw_jg0mv7zUD3vl44TtH7BUWmZyiHwSoTDs_NQd5s
1100655,perf_login_000651,eyJhbGciOiJIUzI1NiIsInR5cCI6IkpXVCJ9.eyJhY2Nlc3NfdG9rZW5fZmllbGQiOjExMDA2NTUsImV4cCI6MTc3OTE5MjQzNywib3JpZ19pYXQiOjE3NzkxMDYwMzd9.AC-14E39gPu77pnPhU7PgTkrDdvKP-IhF2Lp3t5girE
1100662,perf_login_000659,eyJhbGciOiJIUzI1NiIsInR5cCI6IkpXVCJ9.eyJhY2Nlc3NfdG9rZW5fZmllbGQiOjExMDA2NjIsImV4cCI6MTc3OTE5MjQzOCwib3JpZ19pYXQiOjE3NzkxMDYwMzh9.dmmpBy0fq5ntxbugJTghxozlwMg6bpqIUFzJ2eizDq8
1100661,perf_login_000658,eyJhbGciOiJIUzI1NiIsInR5cCI6IkpXVCJ9.eyJhY2Nlc3NfdG9rZW5fZmllbGQiOjExMDA2NjEsImV4cCI6MTc3OTE5MjQzOCwib3JpZ19pYXQiOjE3NzkxMDYwMzh9.KPY4-JBz7tzgR61SWhYo9bo2e9tQVvwc_joGprZD0Sg
1100664,perf_login_000661,eyJhbGciOiJIUzI1NiIsInR5cCI6IkpXVCJ9.eyJhY2Nlc3NfdG9rZW5fZmllbGQiOjExMDA2NjQsImV4cCI6MTc3OTE5MjQzOCwib3JpZ19pYXQiOjE3NzkxMDYwMzh9.FzHm9MS0oRYzyg7nKIcy8FAPKKw20xctA_K6ALlblrc
1100665,perf_login_000662,eyJhbGciOiJIUzI1NiIsInR5cCI6IkpXVCJ9.eyJhY2Nlc3NfdG9rZW5fZmllbGQiOjExMDA2NjUsImV4cCI6MTc3OTE5MjQzOCwib3JpZ19pYXQiOjE3NzkxMDYwMzh9.Ror2L3uwa2mEvnHH9N4zNIBlfj3seB81SGoBAKq5KSo
1100669,perf_login_000666,eyJhbGciOiJIUzI1NiIsInR5cCI6IkpXVCJ9.eyJhY2Nlc3NfdG9rZW5fZmllbGQiOjExMDA2NjksImV4cCI6MTc3OTE5MjQzOCwib3JpZ19pYXQiOjE3NzkxMDYwMzh9.l9-gLhdhDWniwJbl0xVK-FqK_Aw9SSTcMiAIYzfMpsA
1100666,perf_login_000663,eyJhbGciOiJIUzI1NiIsInR5cCI6IkpXVCJ9.eyJhY2Nlc3NfdG9rZW5fZmllbGQiOjExMDA2NjYsImV4cCI6MTc3OTE5MjQzOCwib3JpZ19pYXQiOjE3NzkxMDYwMzh9.sN0bFQmAXAnNfCffOoYJUdWM8-_f9Qtz1WcAa_fLl-8
1100663,perf_login_000660,eyJhbGciOiJIUzI1NiIsInR5cCI6IkpXVCJ9.eyJhY2Nlc3NfdG9rZW5fZmllbGQiOjExMDA2NjMsImV4cCI6MTc3OTE5MjQzOCwib3JpZ19pYXQiOjE3NzkxMDYwMzh9.DEVzaZZAY66xqrIiNJipFpbw0_6sunMMvmXjgEqd7M0
1100667,perf_login_000664,eyJhbGciOiJIUzI1NiIsInR5cCI6IkpXVCJ9.eyJhY2Nlc3NfdG9rZW5fZmllbGQiOjExMDA2NjcsImV4cCI6MTc3OTE5MjQzOCwib3JpZ19pYXQiOjE3NzkxMDYwMzh9.aTnaOW3JqsV5mWEDJ2U9X8JlQZbA1NzmbUbO3q-FC9c
1100668,perf_login_000665,eyJhbGciOiJIUzI1NiIsInR5cCI6IkpXVCJ9.eyJhY2Nlc3NfdG9rZW5fZmllbGQiOjExMDA2NjgsImV4cCI6MTc3OTE5MjQzOCwib3JpZ19pYXQiOjE3NzkxMDYwMzh9.1_HTioTylj719nRoXbedBMPVpuwzYIb0jAObaa5FZxQ
1100671,perf_login_000668,eyJhbGciOiJIUzI1NiIsInR5cCI6IkpXVCJ9.eyJhY2Nlc3NfdG9rZW5fZmllbGQiOjExMDA2NzEsImV4cCI6MTc3OTE5MjQzOCwib3JpZ19pYXQiOjE3NzkxMDYwMzh9.Fafj3BuaPLRPFZ7JoTF4jntlmxuqQmTxrM11AM6YFzU
1100672,perf_login_000669,eyJhbGciOiJIUzI1NiIsInR5cCI6IkpXVCJ9.eyJhY2Nlc3NfdG9rZW5fZmllbGQiOjExMDA2NzIsImV4cCI6MTc3OTE5MjQzOCwib3JpZ19pYXQiOjE3NzkxMDYwMzh9.77KIzg9ZOKoHw3xGmATBC3xh5VBabLHiEjbWOOBZHhA
1100670,perf_login_000667,eyJhbGciOiJIUzI1NiIsInR5cCI6IkpXVCJ9.eyJhY2Nlc3NfdG9rZW5fZmllbGQiOjExMDA2NzAsImV4cCI6MTc3OTE5MjQzOCwib3JpZ19pYXQiOjE3NzkxMDYwMzh9.gYLajiMqtltFcdFCuG0Z-65zF5ZexUqzfJeRXiagSWw
1100680,perf_login_000677,eyJhbGciOiJIUzI1NiIsInR5cCI6IkpXVCJ9.eyJhY2Nlc3NfdG9rZW5fZmllbGQiOjExMDA2ODAsImV4cCI6MTc3OTE5MjQzOCwib3JpZ19pYXQiOjE3NzkxMDYwMzh9.1LpRQZvlXAwXjhDYvhiV1OQBt79INaazH_tNCgyazOA
1100678,perf_login_000675,eyJhbGciOiJIUzI1NiIsInR5cCI6IkpXVCJ9.eyJhY2Nlc3NfdG9rZW5fZmllbGQiOjExMDA2NzgsImV4cCI6MTc3OTE5MjQzOCwib3JpZ19pYXQiOjE3NzkxMDYwMzh9.Mf3tVsjEs66Jlb0XYHxwf2vPSstEh4z-B4I32zIfFdE
1100675,perf_login_000671,eyJhbGciOiJIUzI1NiIsInR5cCI6IkpXVCJ9.eyJhY2Nlc3NfdG9rZW5fZmllbGQiOjExMDA2NzUsImV4cCI6MTc3OTE5MjQzOCwib3JpZ19pYXQiOjE3NzkxMDYwMzh9.i1V9Gmg2CjixcByXCTXRbyYPqdbJ7fDqG7bXm04Lu4A
1100674,perf_login_000672,eyJhbGciOiJIUzI1NiIsInR5cCI6IkpXVCJ9.eyJhY2Nlc3NfdG9rZW5fZmllbGQiOjExMDA2NzQsImV4cCI6MTc3OTE5MjQzOCwib3JpZ19pYXQiOjE3NzkxMDYwMzh9.mx7Z6DJR0GR1wWcjxSLbyRBIoyeKPqwpsrav2BWhQYw
1100676,perf_login_000673,eyJhbGciOiJIUzI1NiIsInR5cCI6IkpXVCJ9.eyJhY2Nlc3NfdG9rZW5fZmllbGQiOjExMDA2NzYsImV4cCI6MTc3OTE5MjQzOCwib3JpZ19pYXQiOjE3NzkxMDYwMzh9.0jg9-2jeFExgZv6jR5iOFm6kq-i_bmmyRvie_iawUZk
1100677,perf_login_000674,eyJhbGciOiJIUzI1NiIsInR5cCI6IkpXVCJ9.eyJhY2Nlc3NfdG9rZW5fZmllbGQiOjExMDA2NzcsImV4cCI6MTc3OTE5MjQzOCwib3JpZ19pYXQiOjE3NzkxMDYwMzh9.OP8LsfFGl68hijeBVBHZdU349fmvG7O2qQJBi4GqaZY
1100683,perf_login_000682,eyJhbGciOiJIUzI1NiIsInR5cCI6IkpXVCJ9.eyJhY2Nlc3NfdG9rZW5fZmllbGQiOjExMDA2ODMsImV4cCI6MTc3OTE5MjQzOCwib3JpZ19pYXQiOjE3NzkxMDYwMzh9.VmX8OBSnJ2USRWcPAQ5IoDClMYxwa1vROzcGCvxtfmI
1100687,perf_login_000685,eyJhbGciOiJIUzI1NiIsInR5cCI6IkpXVCJ9.eyJhY2Nlc3NfdG9rZW5fZmllbGQiOjExMDA2ODcsImV4cCI6MTc3OTE5MjQzOCwib3JpZ19pYXQiOjE3NzkxMDYwMzh9.h5WZktRPfiOtHuV40ccwFNeHzwmIA29RsD5BlDVzXBY
1100682,perf_login_000680,eyJhbGciOiJIUzI1NiIsInR5cCI6IkpXVCJ9.eyJhY2Nlc3NfdG9rZW5fZmllbGQiOjExMDA2ODIsImV4cCI6MTc3OTE5MjQzOCwib3JpZ19pYXQiOjE3NzkxMDYwMzh9.1HXQzaiYchZz3hkx02ocTSpySwEbUErBpC7n_tbpl34
1100686,perf_login_000684,eyJhbGciOiJIUzI1NiIsInR5cCI6IkpXVCJ9.eyJhY2Nlc3NfdG9rZW5fZmllbGQiOjExMDA2ODYsImV4cCI6MTc3OTE5MjQzOCwib3JpZ19pYXQiOjE3NzkxMDYwMzh9.ff_HfCv3HwAvuAlFy_Czo5qjcvTNdTSJRCfz7pZjy-g
1100684,perf_login_000681,eyJhbGciOiJIUzI1NiIsInR5cCI6IkpXVCJ9.eyJhY2Nlc3NfdG9rZW5fZmllbGQiOjExMDA2ODQsImV4cCI6MTc3OTE5MjQzOCwib3JpZ19pYXQiOjE3NzkxMDYwMzh9.MHwfgfCOSTy-3l5Wsz06GfZ1TmyP8vmvY_5HNnUqWjo
1100681,perf_login_000678,eyJhbGciOiJIUzI1NiIsInR5cCI6IkpXVCJ9.eyJhY2Nlc3NfdG9rZW5fZmllbGQiOjExMDA2ODEsImV4cCI6MTc3OTE5MjQzOCwib3JpZ19pYXQiOjE3NzkxMDYwMzh9.E-aLFh746C-CKqdFQPnTE657cCyUYCgUj5uKL955qc4
1100685,perf_login_000683,eyJhbGciOiJIUzI1NiIsInR5cCI6IkpXVCJ9.eyJhY2Nlc3NfdG9rZW5fZmllbGQiOjExMDA2ODUsImV4cCI6MTc3OTE5MjQzOCwib3JpZ19pYXQiOjE3NzkxMDYwMzh9.L1YBX8qYBM__Bbu2X_c28uZRX35Cj04SH599GecN9kI
1100692,perf_login_000689,eyJhbGciOiJIUzI1NiIsInR5cCI6IkpXVCJ9.eyJhY2Nlc3NfdG9rZW5fZmllbGQiOjExMDA2OTIsImV4cCI6MTc3OTE5MjQzOCwib3JpZ19pYXQiOjE3NzkxMDYwMzh9.n3oDGG3nIKaiP4-nAWjk0nUZPwW7YNaUK6I0zanMbG4
1100693,perf_login_000691,eyJhbGciOiJIUzI1NiIsInR5cCI6IkpXVCJ9.eyJhY2Nlc3NfdG9rZW5fZmllbGQiOjExMDA2OTMsImV4cCI6MTc3OTE5MjQzOCwib3JpZ19pYXQiOjE3NzkxMDYwMzh9.bGOyWFF6QBZ8DYPeKKg9kCXIaALF1STXwsIH8SOR_Fo
1100688,perf_login_000686,eyJhbGciOiJIUzI1NiIsInR5cCI6IkpXVCJ9.eyJhY2Nlc3NfdG9rZW5fZmllbGQiOjExMDA2ODgsImV4cCI6MTc3OTE5MjQzOCwib3JpZ19pYXQiOjE3NzkxMDYwMzh9.F5Dn0wTHiHzZAvFmd-0QBE8dl8tJRESilT6YCOPYHbY
1100690,perf_login_000688,eyJhbGciOiJIUzI1NiIsInR5cCI6IkpXVCJ9.eyJhY2Nlc3NfdG9rZW5fZmllbGQiOjExMDA2OTAsImV4cCI6MTc3OTE5MjQzOCwib3JpZ19pYXQiOjE3NzkxMDYwMzh9.wXtxmMHmR0TSV680-hnx5TUBk-zUiYT0eV00pak2BUA
1100689,perf_login_000687,eyJhbGciOiJIUzI1NiIsInR5cCI6IkpXVCJ9.eyJhY2Nlc3NfdG9rZW5fZmllbGQiOjExMDA2ODksImV4cCI6MTc3OTE5MjQzOCwib3JpZ19pYXQiOjE3NzkxMDYwMzh9.kEnhFkxqECdp5DgpfY00HC-fRJKK3jx9SUPyke0ZRVk
1100691,perf_login_000690,eyJhbGciOiJIUzI1NiIsInR5cCI6IkpXVCJ9.eyJhY2Nlc3NfdG9rZW5fZmllbGQiOjExMDA2OTEsImV4cCI6MTc3OTE5MjQzOCwib3JpZ19pYXQiOjE3NzkxMDYwMzh9.QAw-pl7By_etmL0WI4Hj59zLmBu2Dy57A7wvKhBq-yU
1100695,perf_login_000693,eyJhbGciOiJIUzI1NiIsInR5cCI6IkpXVCJ9.eyJhY2Nlc3NfdG9rZW5fZmllbGQiOjExMDA2OTUsImV4cCI6MTc3OTE5MjQzOCwib3JpZ19pYXQiOjE3NzkxMDYwMzh9.a1bXFC8BywAam8ukamGiQ9r5kXFoPDwEx8qvQ4Qw3FQ
1100694,perf_login_000692,eyJhbGciOiJIUzI1NiIsInR5cCI6IkpXVCJ9.eyJhY2Nlc3NfdG9rZW5fZmllbGQiOjExMDA2OTQsImV4cCI6MTc3OTE5MjQzOCwib3JpZ19pYXQiOjE3NzkxMDYwMzh9.NKtMIV7UA0kxyZkE8E2ENlvSzfX3Ve4JCuBqYHSa0hk
1100316,perf_login_000698,eyJhbGciOiJIUzI1NiIsInR5cCI6IkpXVCJ9.eyJhY2Nlc3NfdG9rZW5fZmllbGQiOjExMDAzMTYsImV4cCI6MTc3OTE5MjQzOCwib3JpZ19pYXQiOjE3NzkxMDYwMzh9.OsAp3JYd2FscKJrogAp35MBOlh2hlXp-OiU7i_JhQP8
1100315,perf_login_000699,eyJhbGciOiJIUzI1NiIsInR5cCI6IkpXVCJ9.eyJhY2Nlc3NfdG9rZW5fZmllbGQiOjExMDAzMTUsImV4cCI6MTc3OTE5MjQzOCwib3JpZ19pYXQiOjE3NzkxMDYwMzh9.24ea3TU3l3IFUbAm09GIrVdZBysB4ECVP-sFQWuauyo
1100697,perf_login_000696,eyJhbGciOiJIUzI1NiIsInR5cCI6IkpXVCJ9.eyJhY2Nlc3NfdG9rZW5fZmllbGQiOjExMDA2OTcsImV4cCI6MTc3OTE5MjQzOCwib3JpZ19pYXQiOjE3NzkxMDYwMzh9.8sLmOoEkJ6S-nxAs9wMlfN9wnCZDtN740qP6iXebdWk
1100696,perf_login_000694,eyJhbGciOiJIUzI1NiIsInR5cCI6IkpXVCJ9.eyJhY2Nlc3NfdG9rZW5fZmllbGQiOjExMDA2OTYsImV4cCI6MTc3OTE5MjQzOCwib3JpZ19pYXQiOjE3NzkxMDYwMzh9.Jp8b42XErwup2EQMXmjRMuE5wMSFkW0zBQzdCsS-Tag
1100698,perf_login_000695,eyJhbGciOiJIUzI1NiIsInR5cCI6IkpXVCJ9.eyJhY2Nlc3NfdG9rZW5fZmllbGQiOjExMDA2OTgsImV4cCI6MTc3OTE5MjQzOCwib3JpZ19pYXQiOjE3NzkxMDYwMzh9.zVC-B8gV4McFVkarcPzPdK5ZMvLvJyVeJThUCwHCGXA
1100699,perf_login_000697,eyJhbGciOiJIUzI1NiIsInR5cCI6IkpXVCJ9.eyJhY2Nlc3NfdG9rZW5fZmllbGQiOjExMDA2OTksImV4cCI6MTc3OTE5MjQzOCwib3JpZ19pYXQiOjE3NzkxMDYwMzh9.FbSQueBkdl9KX3O4pxEFK6GszqmAgV7PgkOsubzgrhs
1100317,perf_login_000701,eyJhbGciOiJIUzI1NiIsInR5cCI6IkpXVCJ9.eyJhY2Nlc3NfdG9rZW5fZmllbGQiOjExMDAzMTcsImV4cCI6MTc3OTE5MjQzOCwib3JpZ19pYXQiOjE3NzkxMDYwMzh9.bpOelfHEcIGBbV0YhogpLqHSPaK6rBqyx7A97FqfMLo
1100701,perf_login_000704,eyJhbGciOiJIUzI1NiIsInR5cCI6IkpXVCJ9.eyJhY2Nlc3NfdG9rZW5fZmllbGQiOjExMDA3MDEsImV4cCI6MTc3OTE5MjQzOCwib3JpZ19pYXQiOjE3NzkxMDYwMzh9.bxsaTkNctgSgCIVQ1l9M239-L62bDEqaJrlGVP1_GMo
1100314,perf_login_000700,eyJhbGciOiJIUzI1NiIsInR5cCI6IkpXVCJ9.eyJhY2Nlc3NfdG9rZW5fZmllbGQiOjExMDAzMTQsImV4cCI6MTc3OTE5MjQzOCwib3JpZ19pYXQiOjE3NzkxMDYwMzh9.qfLznPscM0iGJ55u_yEzn7LLMXwIjlcsNIb3E56da0I
1100703,perf_login_000706,eyJhbGciOiJIUzI1NiIsInR5cCI6IkpXVCJ9.eyJhY2Nlc3NfdG9rZW5fZmllbGQiOjExMDA3MDMsImV4cCI6MTc3OTE5MjQzOCwib3JpZ19pYXQiOjE3NzkxMDYwMzh9.HYl9WVTIh1g-eHwK-BCV1fWlwRcwwrB9yLRWx_GHjeg
1100702,perf_login_000705,eyJhbGciOiJIUzI1NiIsInR5cCI6IkpXVCJ9.eyJhY2Nlc3NfdG9rZW5fZmllbGQiOjExMDA3MDIsImV4cCI6MTc3OTE5MjQzOSwib3JpZ19pYXQiOjE3NzkxMDYwMzl9.85ptbpjJAj7Wy_Dbp-5pCCmkLLrukuqb2BbmsGXi09c
1100318,perf_login_000702,eyJhbGciOiJIUzI1NiIsInR5cCI6IkpXVCJ9.eyJhY2Nlc3NfdG9rZW5fZmllbGQiOjExMDAzMTgsImV4cCI6MTc3OTE5MjQzOSwib3JpZ19pYXQiOjE3NzkxMDYwMzl9.X-NFacmPqHAejKK1_YGFYzIreg4Q6cFxoKSp2tlJf8U
1100700,perf_login_000703,eyJhbGciOiJIUzI1NiIsInR5cCI6IkpXVCJ9.eyJhY2Nlc3NfdG9rZW5fZmllbGQiOjExMDA3MDAsImV4cCI6MTc3OTE5MjQzOSwib3JpZ19pYXQiOjE3NzkxMDYwMzl9.E7VwTHpCy8LSlGpiz1l8slpgco7wCXJ4bNC-XFleRPg
1100704,perf_login_000707,eyJhbGciOiJIUzI1NiIsInR5cCI6IkpXVCJ9.eyJhY2Nlc3NfdG9rZW5fZmllbGQiOjExMDA3MDQsImV4cCI6MTc3OTE5MjQzOSwib3JpZ19pYXQiOjE3NzkxMDYwMzl9.mMihWjKNkhBYBpBd_52yQNxbMtApGlLujMGHrOcPTyw
1100709,perf_login_000712,eyJhbGciOiJIUzI1NiIsInR5cCI6IkpXVCJ9.eyJhY2Nlc3NfdG9rZW5fZmllbGQiOjExMDA3MDksImV4cCI6MTc3OTE5MjQzOSwib3JpZ19pYXQiOjE3NzkxMDYwMzl9.a7D1o8KXlMakmKXhOFN0hmKJHKY8z_8sKWCDoa3pqtI
1100706,perf_login_000709,eyJhbGciOiJIUzI1NiIsInR5cCI6IkpXVCJ9.eyJhY2Nlc3NfdG9rZW5fZmllbGQiOjExMDA3MDYsImV4cCI6MTc3OTE5MjQzOSwib3JpZ19pYXQiOjE3NzkxMDYwMzl9.yDwRKyYoUUIaY9dwzZSclQngPyDQyJTsZ0WoIeB2H8E
1100707,perf_login_000710,eyJhbGciOiJIUzI1NiIsInR5cCI6IkpXVCJ9.eyJhY2Nlc3NfdG9rZW5fZmllbGQiOjExMDA3MDcsImV4cCI6MTc3OTE5MjQzOSwib3JpZ19pYXQiOjE3NzkxMDYwMzl9.2I-5dpXZC1GiFfYWnij_6sNXQ18u0_lIoizDKrjp-D8
1100705,perf_login_000708,eyJhbGciOiJIUzI1NiIsInR5cCI6IkpXVCJ9.eyJhY2Nlc3NfdG9rZW5fZmllbGQiOjExMDA3MDUsImV4cCI6MTc3OTE5MjQzOSwib3JpZ19pYXQiOjE3NzkxMDYwMzl9.j3Wh91HmOyer9NPjHF7mKRbwIb1RNASBVx_AN0W_uEw
1100708,perf_login_000711,eyJhbGciOiJIUzI1NiIsInR5cCI6IkpXVCJ9.eyJhY2Nlc3NfdG9rZW5fZmllbGQiOjExMDA3MDgsImV4cCI6MTc3OTE5MjQzOSwib3JpZ19pYXQiOjE3NzkxMDYwMzl9.rvDscICRUFGLMwqIGvzy-FslyaRK22Faiyo1z8BFgLE
1100710,perf_login_000713,eyJhbGciOiJIUzI1NiIsInR5cCI6IkpXVCJ9.eyJhY2Nlc3NfdG9rZW5fZmllbGQiOjExMDA3MTAsImV4cCI6MTc3OTE5MjQzOSwib3JpZ19pYXQiOjE3NzkxMDYwMzl9.Nd67Tj4Fwpzzbr2wVDgxcJpHXT_OJy2KIRttB_Ux49Y
1100711,perf_login_000714,eyJhbGciOiJIUzI1NiIsInR5cCI6IkpXVCJ9.eyJhY2Nlc3NfdG9rZW5fZmllbGQiOjExMDA3MTEsImV4cCI6MTc3OTE5MjQzOSwib3JpZ19pYXQiOjE3NzkxMDYwMzl9.pvsgxy08oR30gahqLi0swv9sBFQF2cAcfvjPNJ8TgrY
1100715,perf_login_000718,eyJhbGciOiJIUzI1NiIsInR5cCI6IkpXVCJ9.eyJhY2Nlc3NfdG9rZW5fZmllbGQiOjExMDA3MTUsImV4cCI6MTc3OTE5MjQzOSwib3JpZ19pYXQiOjE3NzkxMDYwMzl9.NSVK5vp5smuuTTrUxngRYu_8cMbJ0RBxTUulAtxJkDQ
1100714,perf_login_000717,eyJhbGciOiJIUzI1NiIsInR5cCI6IkpXVCJ9.eyJhY2Nlc3NfdG9rZW5fZmllbGQiOjExMDA3MTQsImV4cCI6MTc3OTE5MjQzOSwib3JpZ19pYXQiOjE3NzkxMDYwMzl9.uZbVn8lf-QzlwMEdNZ0uscSjflnn-H9VGc_sV62YkXI
1100712,perf_login_000715,eyJhbGciOiJIUzI1NiIsInR5cCI6IkpXVCJ9.eyJhY2Nlc3NfdG9rZW5fZmllbGQiOjExMDA3MTIsImV4cCI6MTc3OTE5MjQzOSwib3JpZ19pYXQiOjE3NzkxMDYwMzl9.6cOFJ894pzH1xYyCp11JDxxVmetEepJR07Ji_3ZZcOY
1100713,perf_login_000716,eyJhbGciOiJIUzI1NiIsInR5cCI6IkpXVCJ9.eyJhY2Nlc3NfdG9rZW5fZmllbGQiOjExMDA3MTMsImV4cCI6MTc3OTE5MjQzOSwib3JpZ19pYXQiOjE3NzkxMDYwMzl9.Y0PX29k1NqrCiCEgk4ZCTURfNrSSYRL5_EpZd5CTHAU
1100716,perf_login_000719,eyJhbGciOiJIUzI1NiIsInR5cCI6IkpXVCJ9.eyJhY2Nlc3NfdG9rZW5fZmllbGQiOjExMDA3MTYsImV4cCI6MTc3OTE5MjQzOSwib3JpZ19pYXQiOjE3NzkxMDYwMzl9.KW66KJaGCRxvkD5jSobkX3zRuS4RC8Y9Zb683KZoRSY
1100717,perf_login_000721,eyJhbGciOiJIUzI1NiIsInR5cCI6IkpXVCJ9.eyJhY2Nlc3NfdG9rZW5fZmllbGQiOjExMDA3MTcsImV4cCI6MTc3OTE5MjQzOSwib3JpZ19pYXQiOjE3NzkxMDYwMzl9.Zlyx0Fyj9AWTh_TZfk0jWxpsJFnOVlUG0ccHWYmGyyY
1100719,perf_login_000720,eyJhbGciOiJIUzI1NiIsInR5cCI6IkpXVCJ9.eyJhY2Nlc3NfdG9rZW5fZmllbGQiOjExMDA3MTksImV4cCI6MTc3OTE5MjQzOSwib3JpZ19pYXQiOjE3NzkxMDYwMzl9.vmA_ofV68QtUU0vbnuZ2ntSR8GG6orRkJZzaAC9Ed_g
1100718,perf_login_000722,eyJhbGciOiJIUzI1NiIsInR5cCI6IkpXVCJ9.eyJhY2Nlc3NfdG9rZW5fZmllbGQiOjExMDA3MTgsImV4cCI6MTc3OTE5MjQzOSwib3JpZ19pYXQiOjE3NzkxMDYwMzl9.9FFSUrtRfueyNrxx_itom5TQem6O6lWrCClEDlgNf4U
1100721,perf_login_000724,eyJhbGciOiJIUzI1NiIsInR5cCI6IkpXVCJ9.eyJhY2Nlc3NfdG9rZW5fZmllbGQiOjExMDA3MjEsImV4cCI6MTc3OTE5MjQzOSwib3JpZ19pYXQiOjE3NzkxMDYwMzl9.3RTP44bQfg8IJsy37jlpG0DEcI_N_y9dBVlNo59umpA
1100723,perf_login_000725,eyJhbGciOiJIUzI1NiIsInR5cCI6IkpXVCJ9.eyJhY2Nlc3NfdG9rZW5fZmllbGQiOjExMDA3MjMsImV4cCI6MTc3OTE5MjQzOSwib3JpZ19pYXQiOjE3NzkxMDYwMzl9.JBZvobh4lHuRrZAnkC6ZNDe1J52zh4jQClrVBWbkCVI
1100722,perf_login_000726,eyJhbGciOiJIUzI1NiIsInR5cCI6IkpXVCJ9.eyJhY2Nlc3NfdG9rZW5fZmllbGQiOjExMDA3MjIsImV4cCI6MTc3OTE5MjQzOSwib3JpZ19pYXQiOjE3NzkxMDYwMzl9.W2ouHMB4rXfBbFdRi7MHux6s5pprW7XwoVnUs9fPRt8
1100725,perf_login_000728,eyJhbGciOiJIUzI1NiIsInR5cCI6IkpXVCJ9.eyJhY2Nlc3NfdG9rZW5fZmllbGQiOjExMDA3MjUsImV4cCI6MTc3OTE5MjQzOSwib3JpZ19pYXQiOjE3NzkxMDYwMzl9.97B5HDseUcY9mPb5n42WMiOfara9xLmNhQQDcOvqgqs
1100720,perf_login_000723,eyJhbGciOiJIUzI1NiIsInR5cCI6IkpXVCJ9.eyJhY2Nlc3NfdG9rZW5fZmllbGQiOjExMDA3MjAsImV4cCI6MTc3OTE5MjQzOSwib3JpZ19pYXQiOjE3NzkxMDYwMzl9.gD5nakIDJxP70z79sUI2Zs2N5ae_O_wIe8RV0FmnJJQ
1100727,perf_login_000730,eyJhbGciOiJIUzI1NiIsInR5cCI6IkpXVCJ9.eyJhY2Nlc3NfdG9rZW5fZmllbGQiOjExMDA3MjcsImV4cCI6MTc3OTE5MjQzOSwib3JpZ19pYXQiOjE3NzkxMDYwMzl9.iB2LmGKf4KIwOz0xQR10y4cTRl6Fd9B4sq8N1W6KhGg
1100726,perf_login_000729,eyJhbGciOiJIUzI1NiIsInR5cCI6IkpXVCJ9.eyJhY2Nlc3NfdG9rZW5fZmllbGQiOjExMDA3MjYsImV4cCI6MTc3OTE5MjQzOSwib3JpZ19pYXQiOjE3NzkxMDYwMzl9.Q-YZQ3CY_BYHZ6ED4Xm-m9pvZxAf2By_dzX07K_i3tU
1100724,perf_login_000727,eyJhbGciOiJIUzI1NiIsInR5cCI6IkpXVCJ9.eyJhY2Nlc3NfdG9rZW5fZmllbGQiOjExMDA3MjQsImV4cCI6MTc3OTE5MjQzOSwib3JpZ19pYXQiOjE3NzkxMDYwMzl9.sCy5xO_gQ3AssabXadsSMrHSQXReAGMEoI34WkhAYDQ
1100730,perf_login_000733,eyJhbGciOiJIUzI1NiIsInR5cCI6IkpXVCJ9.eyJhY2Nlc3NfdG9rZW5fZmllbGQiOjExMDA3MzAsImV4cCI6MTc3OTE5MjQzOSwib3JpZ19pYXQiOjE3NzkxMDYwMzl9.yFgNrdPmKo6W0pt22J9bJsJVTE46rnVFzsPEcmJzdbU
1100728,perf_login_000731,eyJhbGciOiJIUzI1NiIsInR5cCI6IkpXVCJ9.eyJhY2Nlc3NfdG9rZW5fZmllbGQiOjExMDA3MjgsImV4cCI6MTc3OTE5MjQzOSwib3JpZ19pYXQiOjE3NzkxMDYwMzl9.aAcJ73IQ0pnNcaAFa60Hke0vLI98bsgTmySaW5pOkVw
1100729,perf_login_000732,eyJhbGciOiJIUzI1NiIsInR5cCI6IkpXVCJ9.eyJhY2Nlc3NfdG9rZW5fZmllbGQiOjExMDA3MjksImV4cCI6MTc3OTE5MjQzOSwib3JpZ19pYXQiOjE3NzkxMDYwMzl9.5ppDVSHDIJXdAMoIPCQ3eTJzLsy79B9nrT5-yImOfV4
1100735,perf_login_000736,eyJhbGciOiJIUzI1NiIsInR5cCI6IkpXVCJ9.eyJhY2Nlc3NfdG9rZW5fZmllbGQiOjExMDA3MzUsImV4cCI6MTc3OTE5MjQzOSwib3JpZ19pYXQiOjE3NzkxMDYwMzl9.Dh7tqYXd-IgkrbpwWs4MAwvc33A4JAN4sT13FeyAmWc
1100731,perf_login_000734,eyJhbGciOiJIUzI1NiIsInR5cCI6IkpXVCJ9.eyJhY2Nlc3NfdG9rZW5fZmllbGQiOjExMDA3MzEsImV4cCI6MTc3OTE5MjQzOSwib3JpZ19pYXQiOjE3NzkxMDYwMzl9.NgYsNR0R_yLlxE4Aq3B94QLD4g08nOVaHcLbqKwYKV4
1100732,perf_login_000735,eyJhbGciOiJIUzI1NiIsInR5cCI6IkpXVCJ9.eyJhY2Nlc3NfdG9rZW5fZmllbGQiOjExMDA3MzIsImV4cCI6MTc3OTE5MjQzOSwib3JpZ19pYXQiOjE3NzkxMDYwMzl9.SRb5E5CahrPNbnK5twaEHJV5d8iVljMa84CdRpLRMfc
1100733,perf_login_000737,eyJhbGciOiJIUzI1NiIsInR5cCI6IkpXVCJ9.eyJhY2Nlc3NfdG9rZW5fZmllbGQiOjExMDA3MzMsImV4cCI6MTc3OTE5MjQzOSwib3JpZ19pYXQiOjE3NzkxMDYwMzl9.F2pUdLj0Z_6RV9nY3Ujj7i1kO6xRV7oFoWHSGm3cSDE
1100734,perf_login_000738,eyJhbGciOiJIUzI1NiIsInR5cCI6IkpXVCJ9.eyJhY2Nlc3NfdG9rZW5fZmllbGQiOjExMDA3MzQsImV4cCI6MTc3OTE5MjQzOSwib3JpZ19pYXQiOjE3NzkxMDYwMzl9.eA9ygBXgHGUy5f8pvunF70WY5fI2QUXqERS4F7buZ0E
1100742,perf_login_000743,eyJhbGciOiJIUzI1NiIsInR5cCI6IkpXVCJ9.eyJhY2Nlc3NfdG9rZW5fZmllbGQiOjExMDA3NDIsImV4cCI6MTc3OTE5MjQzOSwib3JpZ19pYXQiOjE3NzkxMDYwMzl9.rmVxSOfZdaNK3uG8b-PtVAPfzUh9gRiNvydmxvn5Bdo
1100737,perf_login_000741,eyJhbGciOiJIUzI1NiIsInR5cCI6IkpXVCJ9.eyJhY2Nlc3NfdG9rZW5fZmllbGQiOjExMDA3MzcsImV4cCI6MTc3OTE5MjQzOSwib3JpZ19pYXQiOjE3NzkxMDYwMzl9.7rZw-NiKrAEDMKkN4beBnNDyzGBwxGrcPUOHUF6C-6E
1100740,perf_login_000744,eyJhbGciOiJIUzI1NiIsInR5cCI6IkpXVCJ9.eyJhY2Nlc3NfdG9rZW5fZmllbGQiOjExMDA3NDAsImV4cCI6MTc3OTE5MjQzOSwib3JpZ19pYXQiOjE3NzkxMDYwMzl9.-I2AvnQ3_IF_x6kvrnF4gJTYf1DQ3hEWnqiA9Yh6LUk
1100738,perf_login_000740,eyJhbGciOiJIUzI1NiIsInR5cCI6IkpXVCJ9.eyJhY2Nlc3NfdG9rZW5fZmllbGQiOjExMDA3MzgsImV4cCI6MTc3OTE5MjQzOSwib3JpZ19pYXQiOjE3NzkxMDYwMzl9._pVF5W39Fc9zdaQp83xp3-vSJmqBkJX0TlDn_3PDN0U
1100739,perf_login_000742,eyJhbGciOiJIUzI1NiIsInR5cCI6IkpXVCJ9.eyJhY2Nlc3NfdG9rZW5fZmllbGQiOjExMDA3MzksImV4cCI6MTc3OTE5MjQzOSwib3JpZ19pYXQiOjE3NzkxMDYwMzl9.yYvQ2aU1KQi5LKzzMXa8otK4KIPoeFj5-W_burW-yv4
1100736,perf_login_000739,eyJhbGciOiJIUzI1NiIsInR5cCI6IkpXVCJ9.eyJhY2Nlc3NfdG9rZW5fZmllbGQiOjExMDA3MzYsImV4cCI6MTc3OTE5MjQzOSwib3JpZ19pYXQiOjE3NzkxMDYwMzl9.D54hJYE66sMDth9fnTeie96vr_X2zQHn9mdkSitQ3sU
1100741,perf_login_000745,eyJhbGciOiJIUzI1NiIsInR5cCI6IkpXVCJ9.eyJhY2Nlc3NfdG9rZW5fZmllbGQiOjExMDA3NDEsImV4cCI6MTc3OTE5MjQzOSwib3JpZ19pYXQiOjE3NzkxMDYwMzl9.mopYm1gvCjnXtHEfpwBeCwLSNV3LlB8zOnJNmB3x48s
1100743,perf_login_000746,eyJhbGciOiJIUzI1NiIsInR5cCI6IkpXVCJ9.eyJhY2Nlc3NfdG9rZW5fZmllbGQiOjExMDA3NDMsImV4cCI6MTc3OTE5MjQzOSwib3JpZ19pYXQiOjE3NzkxMDYwMzl9.6sMehrE37hwzH8Z5nI_MCm7k6VYoNShgZo_IIoVL3yU
1100746,perf_login_000749,eyJhbGciOiJIUzI1NiIsInR5cCI6IkpXVCJ9.eyJhY2Nlc3NfdG9rZW5fZmllbGQiOjExMDA3NDYsImV4cCI6MTc3OTE5MjQ0MCwib3JpZ19pYXQiOjE3NzkxMDYwNDB9.mEdQOwXNpA9rNwaDRcMBEYRUPjNcEg_eFv96JsbUhaw
1100748,perf_login_000751,eyJhbGciOiJIUzI1NiIsInR5cCI6IkpXVCJ9.eyJhY2Nlc3NfdG9rZW5fZmllbGQiOjExMDA3NDgsImV4cCI6MTc3OTE5MjQ0MCwib3JpZ19pYXQiOjE3NzkxMDYwNDB9.J9O1jZH1QWhUObxb_sFdU7BMBtDCNXMk_-IL7qpunR0
1100744,perf_login_000747,eyJhbGciOiJIUzI1NiIsInR5cCI6IkpXVCJ9.eyJhY2Nlc3NfdG9rZW5fZmllbGQiOjExMDA3NDQsImV4cCI6MTc3OTE5MjQ0MCwib3JpZ19pYXQiOjE3NzkxMDYwNDB9.mPIOQqSJOfsnvvv5Ztz4T0yq4v0LbJwVzrgFEqWGJ8c
1100749,perf_login_000752,eyJhbGciOiJIUzI1NiIsInR5cCI6IkpXVCJ9.eyJhY2Nlc3NfdG9rZW5fZmllbGQiOjExMDA3NDksImV4cCI6MTc3OTE5MjQ0MCwib3JpZ19pYXQiOjE3NzkxMDYwNDB9.QzW5p9e0_h6jzs7FZ0qN-owz87jq5fms5I-6OYyRdkA
1100747,perf_login_000750,eyJhbGciOiJIUzI1NiIsInR5cCI6IkpXVCJ9.eyJhY2Nlc3NfdG9rZW5fZmllbGQiOjExMDA3NDcsImV4cCI6MTc3OTE5MjQ0MCwib3JpZ19pYXQiOjE3NzkxMDYwNDB9.fwroMpBJqw8X2BctXOmUeKaSliZ4fGybGvXd-gcS48I
1100745,perf_login_000748,eyJhbGciOiJIUzI1NiIsInR5cCI6IkpXVCJ9.eyJhY2Nlc3NfdG9rZW5fZmllbGQiOjExMDA3NDUsImV4cCI6MTc3OTE5MjQ0MCwib3JpZ19pYXQiOjE3NzkxMDYwNDB9.OUBE9xEqdll-lGNLuxaEx8mwgomejfC5ZrNSBoGUYWs
1100750,perf_login_000753,eyJhbGciOiJIUzI1NiIsInR5cCI6IkpXVCJ9.eyJhY2Nlc3NfdG9rZW5fZmllbGQiOjExMDA3NTAsImV4cCI6MTc3OTE5MjQ0MCwib3JpZ19pYXQiOjE3NzkxMDYwNDB9.X75GFtgvwjaYibUKjlaattW7iRmwLwssTEGsZpQfJT4
1100751,perf_login_000754,eyJhbGciOiJIUzI1NiIsInR5cCI6IkpXVCJ9.eyJhY2Nlc3NfdG9rZW5fZmllbGQiOjExMDA3NTEsImV4cCI6MTc3OTE5MjQ0MCwib3JpZ19pYXQiOjE3NzkxMDYwNDB9.Rhc091ASul4AjCzuErq6OoofNKDrTMeI1Ohbh6Gc9Hc
1100752,perf_login_000755,eyJhbGciOiJIUzI1NiIsInR5cCI6IkpXVCJ9.eyJhY2Nlc3NfdG9rZW5fZmllbGQiOjExMDA3NTIsImV4cCI6MTc3OTE5MjQ0MCwib3JpZ19pYXQiOjE3NzkxMDYwNDB9.sYdr8LfRP-VDNwX6dq37j_zq929GWq3PwQp3GpRbnLs
1100759,perf_login_000762,eyJhbGciOiJIUzI1NiIsInR5cCI6IkpXVCJ9.eyJhY2Nlc3NfdG9rZW5fZmllbGQiOjExMDA3NTksImV4cCI6MTc3OTE5MjQ0MCwib3JpZ19pYXQiOjE3NzkxMDYwNDB9.JKvc3h5lRpg257xeC5KlX4U5dJbRcDKGzQl6mXTXOJM
1100755,perf_login_000758,eyJhbGciOiJIUzI1NiIsInR5cCI6IkpXVCJ9.eyJhY2Nlc3NfdG9rZW5fZmllbGQiOjExMDA3NTUsImV4cCI6MTc3OTE5MjQ0MCwib3JpZ19pYXQiOjE3NzkxMDYwNDB9.GM2_SCsZuDxEPXSu6Z7FT-n2sTvczP4ljOHO_rwy4ig
1100757,perf_login_000760,eyJhbGciOiJIUzI1NiIsInR5cCI6IkpXVCJ9.eyJhY2Nlc3NfdG9rZW5fZmllbGQiOjExMDA3NTcsImV4cCI6MTc3OTE5MjQ0MCwib3JpZ19pYXQiOjE3NzkxMDYwNDB9.m6CMiXqOPVxLdX_bPl2qDMdqyDYhkMa02yXxaRYLhcc
1100754,perf_login_000756,eyJhbGciOiJIUzI1NiIsInR5cCI6IkpXVCJ9.eyJhY2Nlc3NfdG9rZW5fZmllbGQiOjExMDA3NTQsImV4cCI6MTc3OTE5MjQ0MCwib3JpZ19pYXQiOjE3NzkxMDYwNDB9.pcVGNrWVl2r9jhVm-XRd9ms54QQghiLvOaOyEVydDIE
1100758,perf_login_000761,eyJhbGciOiJIUzI1NiIsInR5cCI6IkpXVCJ9.eyJhY2Nlc3NfdG9rZW5fZmllbGQiOjExMDA3NTgsImV4cCI6MTc3OTE5MjQ0MCwib3JpZ19pYXQiOjE3NzkxMDYwNDB9.O5LUSY5W39EfOUazo-GnwRiCxnnNTP6abkjCerrxUCk
1100760,perf_login_000763,eyJhbGciOiJIUzI1NiIsInR5cCI6IkpXVCJ9.eyJhY2Nlc3NfdG9rZW5fZmllbGQiOjExMDA3NjAsImV4cCI6MTc3OTE5MjQ0MCwib3JpZ19pYXQiOjE3NzkxMDYwNDB9.qDBIRuS2Ucn6Z9naH1Iovq9gfgKDx04lCd5U8NvJwMA
1100753,perf_login_000757,eyJhbGciOiJIUzI1NiIsInR5cCI6IkpXVCJ9.eyJhY2Nlc3NfdG9rZW5fZmllbGQiOjExMDA3NTMsImV4cCI6MTc3OTE5MjQ0MCwib3JpZ19pYXQiOjE3NzkxMDYwNDB9.ya_MQRrgW81Br7FSiFj0lTci0js5Xg2XaZe2jnqjf3E
1100756,perf_login_000759,eyJhbGciOiJIUzI1NiIsInR5cCI6IkpXVCJ9.eyJhY2Nlc3NfdG9rZW5fZmllbGQiOjExMDA3NTYsImV4cCI6MTc3OTE5MjQ0MCwib3JpZ19pYXQiOjE3NzkxMDYwNDB9.Ua80leOSRU5xi7bFINCmmNx43aTrdsfIum_Z6RKaKPk
1100762,perf_login_000765,eyJhbGciOiJIUzI1NiIsInR5cCI6IkpXVCJ9.eyJhY2Nlc3NfdG9rZW5fZmllbGQiOjExMDA3NjIsImV4cCI6MTc3OTE5MjQ0MCwib3JpZ19pYXQiOjE3NzkxMDYwNDB9.ey_ki026HvJKNwevJk8LHpaRn-d7zzWDU0tp6uENizc
1100765,perf_login_000769,eyJhbGciOiJIUzI1NiIsInR5cCI6IkpXVCJ9.eyJhY2Nlc3NfdG9rZW5fZmllbGQiOjExMDA3NjUsImV4cCI6MTc3OTE5MjQ0MCwib3JpZ19pYXQiOjE3NzkxMDYwNDB9.cjBGu6kurtMjyMighjDjpQz0cTT_0pyQ6jJ5T1xUBqk
1100766,perf_login_000771,eyJhbGciOiJIUzI1NiIsInR5cCI6IkpXVCJ9.eyJhY2Nlc3NfdG9rZW5fZmllbGQiOjExMDA3NjYsImV4cCI6MTc3OTE5MjQ0MCwib3JpZ19pYXQiOjE3NzkxMDYwNDB9.uzeQCk4_g3pF5gmCARj4iDw-37biLCHpwzXRCXOfCi8
1100764,perf_login_000767,eyJhbGciOiJIUzI1NiIsInR5cCI6IkpXVCJ9.eyJhY2Nlc3NfdG9rZW5fZmllbGQiOjExMDA3NjQsImV4cCI6MTc3OTE5MjQ0MCwib3JpZ19pYXQiOjE3NzkxMDYwNDB9.JHxTFmNSL5J7OZZfGynyCeICxU4mlNKxS0JKCHOih0k
1100763,perf_login_000766,eyJhbGciOiJIUzI1NiIsInR5cCI6IkpXVCJ9.eyJhY2Nlc3NfdG9rZW5fZmllbGQiOjExMDA3NjMsImV4cCI6MTc3OTE5MjQ0MCwib3JpZ19pYXQiOjE3NzkxMDYwNDB9.4y8XAAmR8-wrTBKLtO9oHfeOwNCVtIUK187iZjf6UlQ
1100767,perf_login_000772,eyJhbGciOiJIUzI1NiIsInR5cCI6IkpXVCJ9.eyJhY2Nlc3NfdG9rZW5fZmllbGQiOjExMDA3NjcsImV4cCI6MTc3OTE5MjQ0MCwib3JpZ19pYXQiOjE3NzkxMDYwNDB9.c2qfQlCXSUCqsupBko6N_saHB7M5EEG3LOTAW6u24cM
1100769,perf_login_000770,eyJhbGciOiJIUzI1NiIsInR5cCI6IkpXVCJ9.eyJhY2Nlc3NfdG9rZW5fZmllbGQiOjExMDA3NjksImV4cCI6MTc3OTE5MjQ0MCwib3JpZ19pYXQiOjE3NzkxMDYwNDB9.9jQgsAx9L2zhB5XyPvYdSutydRI4L8RCYolN_xZKwLY
1100770,perf_login_000773,eyJhbGciOiJIUzI1NiIsInR5cCI6IkpXVCJ9.eyJhY2Nlc3NfdG9rZW5fZmllbGQiOjExMDA3NzAsImV4cCI6MTc3OTE5MjQ0MCwib3JpZ19pYXQiOjE3NzkxMDYwNDB9.WCXRyV0VXhEl3jslX3MLtCl5V75GtEwkB75BxBqa0Cc
1100773,perf_login_000776,eyJhbGciOiJIUzI1NiIsInR5cCI6IkpXVCJ9.eyJhY2Nlc3NfdG9rZW5fZmllbGQiOjExMDA3NzMsImV4cCI6MTc3OTE5MjQ0MCwib3JpZ19pYXQiOjE3NzkxMDYwNDB9.umMdlmtba2us54wNtYIcTu9yN8kC9qN18-s3Db-Xr0k
1100777,perf_login_000780,eyJhbGciOiJIUzI1NiIsInR5cCI6IkpXVCJ9.eyJhY2Nlc3NfdG9rZW5fZmllbGQiOjExMDA3NzcsImV4cCI6MTc3OTE5MjQ0MCwib3JpZ19pYXQiOjE3NzkxMDYwNDB9.NCI1Mm7O5rXUD10_HzDmV4NhS4fxWBejYzzq9a-UmZU
1100774,perf_login_000777,eyJhbGciOiJIUzI1NiIsInR5cCI6IkpXVCJ9.eyJhY2Nlc3NfdG9rZW5fZmllbGQiOjExMDA3NzQsImV4cCI6MTc3OTE5MjQ0MCwib3JpZ19pYXQiOjE3NzkxMDYwNDB9.Uc0KgZ8s618uhgYJULIScyQWw1czt_XP-L1L7dZxkIU
1100776,perf_login_000779,eyJhbGciOiJIUzI1NiIsInR5cCI6IkpXVCJ9.eyJhY2Nlc3NfdG9rZW5fZmllbGQiOjExMDA3NzYsImV4cCI6MTc3OTE5MjQ0MCwib3JpZ19pYXQiOjE3NzkxMDYwNDB9.I2P-te0IAtKILR5v6dCM3FvmKU2hzGdnBiaEnHN67z4
1100772,perf_login_000775,eyJhbGciOiJIUzI1NiIsInR5cCI6IkpXVCJ9.eyJhY2Nlc3NfdG9rZW5fZmllbGQiOjExMDA3NzIsImV4cCI6MTc3OTE5MjQ0MCwib3JpZ19pYXQiOjE3NzkxMDYwNDB9.2i860_rQ6uInXk_kOzdXFcE_PtRK-aAJRnfXyY3PAGA
1100771,perf_login_000774,eyJhbGciOiJIUzI1NiIsInR5cCI6IkpXVCJ9.eyJhY2Nlc3NfdG9rZW5fZmllbGQiOjExMDA3NzEsImV4cCI6MTc3OTE5MjQ0MCwib3JpZ19pYXQiOjE3NzkxMDYwNDB9.UtxHJgTQvCV-ZEilpLkLsUbB8u0ITKuYeI-yfsy7t08
1100775,perf_login_000778,eyJhbGciOiJIUzI1NiIsInR5cCI6IkpXVCJ9.eyJhY2Nlc3NfdG9rZW5fZmllbGQiOjExMDA3NzUsImV4cCI6MTc3OTE5MjQ0MCwib3JpZ19pYXQiOjE3NzkxMDYwNDB9.b1ga6WMgzrDbOtmAjC8SGCXH5_Tbj8O8YsHtgSw8L5k
1100779,perf_login_000782,eyJhbGciOiJIUzI1NiIsInR5cCI6IkpXVCJ9.eyJhY2Nlc3NfdG9rZW5fZmllbGQiOjExMDA3NzksImV4cCI6MTc3OTE5MjQ0MCwib3JpZ19pYXQiOjE3NzkxMDYwNDB9.tTFP7UipE2PRHPdI7Mox1Prau-EJaiRk2fq_bsxq3Uc
1100783,perf_login_000786,eyJhbGciOiJIUzI1NiIsInR5cCI6IkpXVCJ9.eyJhY2Nlc3NfdG9rZW5fZmllbGQiOjExMDA3ODMsImV4cCI6MTc3OTE5MjQ0MCwib3JpZ19pYXQiOjE3NzkxMDYwNDB9.jUEM3_Lxh1IdrbUIjHawY0O2W7kZfG67FuWNSZS7nZk
1100782,perf_login_000785,eyJhbGciOiJIUzI1NiIsInR5cCI6IkpXVCJ9.eyJhY2Nlc3NfdG9rZW5fZmllbGQiOjExMDA3ODIsImV4cCI6MTc3OTE5MjQ0MCwib3JpZ19pYXQiOjE3NzkxMDYwNDB9.2endrTDdBLu2bvKHc6LAaS6l_6sJg8iCClNxNmsPLzU
1100785,perf_login_000788,eyJhbGciOiJIUzI1NiIsInR5cCI6IkpXVCJ9.eyJhY2Nlc3NfdG9rZW5fZmllbGQiOjExMDA3ODUsImV4cCI6MTc3OTE5MjQ0MCwib3JpZ19pYXQiOjE3NzkxMDYwNDB9.ThJ0V2vmHjFA_c9DtLBo2NJ2BtykSv2UnytQ3XJkiAs
1100780,perf_login_000784,eyJhbGciOiJIUzI1NiIsInR5cCI6IkpXVCJ9.eyJhY2Nlc3NfdG9rZW5fZmllbGQiOjExMDA3ODAsImV4cCI6MTc3OTE5MjQ0MSwib3JpZ19pYXQiOjE3NzkxMDYwNDF9.KdwO8Z-cDEjgXVa41XlU9DSgVCdvYPZNQB5u90ha9ko
1100784,perf_login_000787,eyJhbGciOiJIUzI1NiIsInR5cCI6IkpXVCJ9.eyJhY2Nlc3NfdG9rZW5fZmllbGQiOjExMDA3ODQsImV4cCI6MTc3OTE5MjQ0MSwib3JpZ19pYXQiOjE3NzkxMDYwNDF9.XPpJfrcK5txBI-At5fa9IYuA1BTjZVaYDqRkhc6WWAk
1100778,perf_login_000781,eyJhbGciOiJIUzI1NiIsInR5cCI6IkpXVCJ9.eyJhY2Nlc3NfdG9rZW5fZmllbGQiOjExMDA3NzgsImV4cCI6MTc3OTE5MjQ0MSwib3JpZ19pYXQiOjE3NzkxMDYwNDF9.Iixb-DTdOEOTk9oNYP-ESvAZZXM7EFWLbm2I6WSF0vg
1100781,perf_login_000783,eyJhbGciOiJIUzI1NiIsInR5cCI6IkpXVCJ9.eyJhY2Nlc3NfdG9rZW5fZmllbGQiOjExMDA3ODEsImV4cCI6MTc3OTE5MjQ0MSwib3JpZ19pYXQiOjE3NzkxMDYwNDF9.NYmjAsCSACwfUwpAI2-zHD-hFL4TXN3wVCCE1IS8Yhw
1100786,perf_login_000789,eyJhbGciOiJIUzI1NiIsInR5cCI6IkpXVCJ9.eyJhY2Nlc3NfdG9rZW5fZmllbGQiOjExMDA3ODYsImV4cCI6MTc3OTE5MjQ0MSwib3JpZ19pYXQiOjE3NzkxMDYwNDF9.vTZAIdQYwhKR6pGuRdzYJaN5wRYqurjTDFP2vlDVQuM
1100789,perf_login_000792,eyJhbGciOiJIUzI1NiIsInR5cCI6IkpXVCJ9.eyJhY2Nlc3NfdG9rZW5fZmllbGQiOjExMDA3ODksImV4cCI6MTc3OTE5MjQ0MSwib3JpZ19pYXQiOjE3NzkxMDYwNDF9.8Y2ekkVyzRMnZQ7VgnY0CXeeULe6sUqYb8oo4hMpqsY
1100788,perf_login_000790,eyJhbGciOiJIUzI1NiIsInR5cCI6IkpXVCJ9.eyJhY2Nlc3NfdG9rZW5fZmllbGQiOjExMDA3ODgsImV4cCI6MTc3OTE5MjQ0MSwib3JpZ19pYXQiOjE3NzkxMDYwNDF9.2fiLXiEWwYxIUts4iQHmi2lVo9hhrdYN7V5q15fRpN8
1100793,perf_login_000796,eyJhbGciOiJIUzI1NiIsInR5cCI6IkpXVCJ9.eyJhY2Nlc3NfdG9rZW5fZmllbGQiOjExMDA3OTMsImV4cCI6MTc3OTE5MjQ0MSwib3JpZ19pYXQiOjE3NzkxMDYwNDF9.oC3OacVbD93NZ0dwgM5_WULhl5BExC6bZ1Z-mbNe7ow
1100792,perf_login_000795,eyJhbGciOiJIUzI1NiIsInR5cCI6IkpXVCJ9.eyJhY2Nlc3NfdG9rZW5fZmllbGQiOjExMDA3OTIsImV4cCI6MTc3OTE5MjQ0MSwib3JpZ19pYXQiOjE3NzkxMDYwNDF9.rOAKSUQ0j6liXJlyF8rC2Av3oEdZklO4F6DndZj98bo
1100787,perf_login_000791,eyJhbGciOiJIUzI1NiIsInR5cCI6IkpXVCJ9.eyJhY2Nlc3NfdG9rZW5fZmllbGQiOjExMDA3ODcsImV4cCI6MTc3OTE5MjQ0MSwib3JpZ19pYXQiOjE3NzkxMDYwNDF9.nzsUW6paqcd-CI3tmIveuVM7zRAWIfHDlQTJWjmg5Bc
1100790,perf_login_000793,eyJhbGciOiJIUzI1NiIsInR5cCI6IkpXVCJ9.eyJhY2Nlc3NfdG9rZW5fZmllbGQiOjExMDA3OTAsImV4cCI6MTc3OTE5MjQ0MSwib3JpZ19pYXQiOjE3NzkxMDYwNDF9.dSw-Jx5qAPYF72-nRLdepozNECA8mBLZvR4baZCVAiM
1100791,perf_login_000794,eyJhbGciOiJIUzI1NiIsInR5cCI6IkpXVCJ9.eyJhY2Nlc3NfdG9rZW5fZmllbGQiOjExMDA3OTEsImV4cCI6MTc3OTE5MjQ0MSwib3JpZ19pYXQiOjE3NzkxMDYwNDF9.cGbMqe1sJzmJ99ldBeASUZJY1S0VP2YQYIAsbqpAj_o
1100794,perf_login_000797,eyJhbGciOiJIUzI1NiIsInR5cCI6IkpXVCJ9.eyJhY2Nlc3NfdG9rZW5fZmllbGQiOjExMDA3OTQsImV4cCI6MTc3OTE5MjQ0MSwib3JpZ19pYXQiOjE3NzkxMDYwNDF9.UYC737oM8DsFj-DtORaZMLlr4cmrTpQ-59cf5ZOiS5I
1100799,perf_login_000802,eyJhbGciOiJIUzI1NiIsInR5cCI6IkpXVCJ9.eyJhY2Nlc3NfdG9rZW5fZmllbGQiOjExMDA3OTksImV4cCI6MTc3OTE5MjQ0MSwib3JpZ19pYXQiOjE3NzkxMDYwNDF9.4vYku_k0WdWCkiZIcQcAT3cHwSrMRXhPymxXYSq1CSo
1100800,perf_login_000803,eyJhbGciOiJIUzI1NiIsInR5cCI6IkpXVCJ9.eyJhY2Nlc3NfdG9rZW5fZmllbGQiOjExMDA4MDAsImV4cCI6MTc3OTE5MjQ0MSwib3JpZ19pYXQiOjE3NzkxMDYwNDF9.-V72UF9Zy_8ZB46L_6TqjI7AdH8Y-BNVyDipLgvS3pI
1100796,perf_login_000799,eyJhbGciOiJIUzI1NiIsInR5cCI6IkpXVCJ9.eyJhY2Nlc3NfdG9rZW5fZmllbGQiOjExMDA3OTYsImV4cCI6MTc3OTE5MjQ0MSwib3JpZ19pYXQiOjE3NzkxMDYwNDF9.iMIhroTCa_NYuC3QrN6VThPdfOGbx6ezy3oDFvryfts
1100795,perf_login_000798,eyJhbGciOiJIUzI1NiIsInR5cCI6IkpXVCJ9.eyJhY2Nlc3NfdG9rZW5fZmllbGQiOjExMDA3OTUsImV4cCI6MTc3OTE5MjQ0MSwib3JpZ19pYXQiOjE3NzkxMDYwNDF9.FrDfiYDoC6tXLpk-NhRqfs7V15eUK0S_-D4fF4ADRBE
1100801,perf_login_000804,eyJhbGciOiJIUzI1NiIsInR5cCI6IkpXVCJ9.eyJhY2Nlc3NfdG9rZW5fZmllbGQiOjExMDA4MDEsImV4cCI6MTc3OTE5MjQ0MSwib3JpZ19pYXQiOjE3NzkxMDYwNDF9.CBRcTVX4Z4NLuVmbOUNTPoK_hLfesbxAYLWNkjzOCAU
1100798,perf_login_000801,eyJhbGciOiJIUzI1NiIsInR5cCI6IkpXVCJ9.eyJhY2Nlc3NfdG9rZW5fZmllbGQiOjExMDA3OTgsImV4cCI6MTc3OTE5MjQ0MSwib3JpZ19pYXQiOjE3NzkxMDYwNDF9.TADhXOEHM15EhyOuwNhzK7AgilnHEOOS46F1Fbkv-p8
1100797,perf_login_000800,eyJhbGciOiJIUzI1NiIsInR5cCI6IkpXVCJ9.eyJhY2Nlc3NfdG9rZW5fZmllbGQiOjExMDA3OTcsImV4cCI6MTc3OTE5MjQ0MSwib3JpZ19pYXQiOjE3NzkxMDYwNDF9.2HwF13mebwWPkEfdja9fGxPTaViT1X8wG49S6zp8Wx8
1100807,perf_login_000812,eyJhbGciOiJIUzI1NiIsInR5cCI6IkpXVCJ9.eyJhY2Nlc3NfdG9rZW5fZmllbGQiOjExMDA4MDcsImV4cCI6MTc3OTE5MjQ0MSwib3JpZ19pYXQiOjE3NzkxMDYwNDF9.EtQqfRdRc2w9OUQE4tZ6z-79EaUAfgTa1Eyrnf81xRM
1100804,perf_login_000807,eyJhbGciOiJIUzI1NiIsInR5cCI6IkpXVCJ9.eyJhY2Nlc3NfdG9rZW5fZmllbGQiOjExMDA4MDQsImV4cCI6MTc3OTE5MjQ0MSwib3JpZ19pYXQiOjE3NzkxMDYwNDF9.2MiPSuf5kkBMkV2EdQ2O6rlCvNRYFJNQXLDcF7CxLE8
1100802,perf_login_000805,eyJhbGciOiJIUzI1NiIsInR5cCI6IkpXVCJ9.eyJhY2Nlc3NfdG9rZW5fZmllbGQiOjExMDA4MDIsImV4cCI6MTc3OTE5MjQ0MSwib3JpZ19pYXQiOjE3NzkxMDYwNDF9.gdkR2Xl1i-Cie1BOPdU4fPWqsYkvZZmQ4d63iIvM-wI
1100805,perf_login_000808,eyJhbGciOiJIUzI1NiIsInR5cCI6IkpXVCJ9.eyJhY2Nlc3NfdG9rZW5fZmllbGQiOjExMDA4MDUsImV4cCI6MTc3OTE5MjQ0MSwib3JpZ19pYXQiOjE3NzkxMDYwNDF9.u46bcxp5T6BNE5ydpRiUFSjj5eCgehc79RczQ-RwUb0
1100803,perf_login_000806,eyJhbGciOiJIUzI1NiIsInR5cCI6IkpXVCJ9.eyJhY2Nlc3NfdG9rZW5fZmllbGQiOjExMDA4MDMsImV4cCI6MTc3OTE5MjQ0MSwib3JpZ19pYXQiOjE3NzkxMDYwNDF9.22jLhblmcwx9bZTfk8DE6SNi5zOoNY2AWQNFkjqhxfM
1100809,perf_login_000810,eyJhbGciOiJIUzI1NiIsInR5cCI6IkpXVCJ9.eyJhY2Nlc3NfdG9rZW5fZmllbGQiOjExMDA4MDksImV4cCI6MTc3OTE5MjQ0MSwib3JpZ19pYXQiOjE3NzkxMDYwNDF9.U2wAFfqW8mdlSUvOdXcclvOfkUhfHJ-JW_rjTiifqeU
1100806,perf_login_000809,eyJhbGciOiJIUzI1NiIsInR5cCI6IkpXVCJ9.eyJhY2Nlc3NfdG9rZW5fZmllbGQiOjExMDA4MDYsImV4cCI6MTc3OTE5MjQ0MSwib3JpZ19pYXQiOjE3NzkxMDYwNDF9.vq8q8gbFd-iV961AFAn9M6dEVEYzQkw2sOwdX1BbO6k
1100808,perf_login_000811,eyJhbGciOiJIUzI1NiIsInR5cCI6IkpXVCJ9.eyJhY2Nlc3NfdG9rZW5fZmllbGQiOjExMDA4MDgsImV4cCI6MTc3OTE5MjQ0MSwib3JpZ19pYXQiOjE3NzkxMDYwNDF9.wV3dIXLqMkBQQjR91vrkaFan3WlMTTwSPDrhfUwc46I
1100814,perf_login_000818,eyJhbGciOiJIUzI1NiIsInR5cCI6IkpXVCJ9.eyJhY2Nlc3NfdG9rZW5fZmllbGQiOjExMDA4MTQsImV4cCI6MTc3OTE5MjQ0MSwib3JpZ19pYXQiOjE3NzkxMDYwNDF9.tKsL4vWgSgz_uhWsymdjntfybGZYtBAVWFb-eJSQzeY
1100810,perf_login_000814,eyJhbGciOiJIUzI1NiIsInR5cCI6IkpXVCJ9.eyJhY2Nlc3NfdG9rZW5fZmllbGQiOjExMDA4MTAsImV4cCI6MTc3OTE5MjQ0MSwib3JpZ19pYXQiOjE3NzkxMDYwNDF9.hKkgFm8iCMAvDY5e9u7CtfL-LMKxNA0mioHzqFY9zzE
1100811,perf_login_000813,eyJhbGciOiJIUzI1NiIsInR5cCI6IkpXVCJ9.eyJhY2Nlc3NfdG9rZW5fZmllbGQiOjExMDA4MTEsImV4cCI6MTc3OTE5MjQ0MSwib3JpZ19pYXQiOjE3NzkxMDYwNDF9.772PwrNbIGXUSx4hgimagUDjDDiAyLzKORarE3P9eFw
1100816,perf_login_000819,eyJhbGciOiJIUzI1NiIsInR5cCI6IkpXVCJ9.eyJhY2Nlc3NfdG9rZW5fZmllbGQiOjExMDA4MTYsImV4cCI6MTc3OTE5MjQ0MSwib3JpZ19pYXQiOjE3NzkxMDYwNDF9.Y8gsR_-GiD6JUdSLxI1TEWz4N-1D2p9k3uKXlwdpaFI
1100815,perf_login_000817,eyJhbGciOiJIUzI1NiIsInR5cCI6IkpXVCJ9.eyJhY2Nlc3NfdG9rZW5fZmllbGQiOjExMDA4MTUsImV4cCI6MTc3OTE5MjQ0MSwib3JpZ19pYXQiOjE3NzkxMDYwNDF9.A8MPmgKnC_SRCZb8-D9Ak3oBup3uN7jcXmvRhV3UexA
1100812,perf_login_000816,eyJhbGciOiJIUzI1NiIsInR5cCI6IkpXVCJ9.eyJhY2Nlc3NfdG9rZW5fZmllbGQiOjExMDA4MTIsImV4cCI6MTc3OTE5MjQ0MSwib3JpZ19pYXQiOjE3NzkxMDYwNDF9.SVgtKeu0XobJaQaZTfvblINY0FZoDstcKvzhGPoaXpI
1100817,perf_login_000820,eyJhbGciOiJIUzI1NiIsInR5cCI6IkpXVCJ9.eyJhY2Nlc3NfdG9rZW5fZmllbGQiOjExMDA4MTcsImV4cCI6MTc3OTE5MjQ0MSwib3JpZ19pYXQiOjE3NzkxMDYwNDF9.0wx3VYr1qx1NxRZtlh-g0I4f4uoniwK-DNLlocThXVw
1100813,perf_login_000815,eyJhbGciOiJIUzI1NiIsInR5cCI6IkpXVCJ9.eyJhY2Nlc3NfdG9rZW5fZmllbGQiOjExMDA4MTMsImV4cCI6MTc3OTE5MjQ0MSwib3JpZ19pYXQiOjE3NzkxMDYwNDF9.wSYPUsQhanP2daWaBeXiR5buDDPCl5WZcssHlApgcgs
1100821,perf_login_000824,eyJhbGciOiJIUzI1NiIsInR5cCI6IkpXVCJ9.eyJhY2Nlc3NfdG9rZW5fZmllbGQiOjExMDA4MjEsImV4cCI6MTc3OTE5MjQ0MSwib3JpZ19pYXQiOjE3NzkxMDYwNDF9.Gpkq4bQfDdZf1qFigGKYEZkxl9QZbyexZNWZfzwqMsc
1100823,perf_login_000826,eyJhbGciOiJIUzI1NiIsInR5cCI6IkpXVCJ9.eyJhY2Nlc3NfdG9rZW5fZmllbGQiOjExMDA4MjMsImV4cCI6MTc3OTE5MjQ0Miwib3JpZ19pYXQiOjE3NzkxMDYwNDJ9.UOUtF66OVYTuWA7goAGjkXQ39z_s9RPhY_r3AH8wuGw
1100822,perf_login_000825,eyJhbGciOiJIUzI1NiIsInR5cCI6IkpXVCJ9.eyJhY2Nlc3NfdG9rZW5fZmllbGQiOjExMDA4MjIsImV4cCI6MTc3OTE5MjQ0Miwib3JpZ19pYXQiOjE3NzkxMDYwNDJ9.K_2w-7gzX4I2BfHNckx14Xo65eLIExWcwpjFCyPB1U8
1100820,perf_login_000822,eyJhbGciOiJIUzI1NiIsInR5cCI6IkpXVCJ9.eyJhY2Nlc3NfdG9rZW5fZmllbGQiOjExMDA4MjAsImV4cCI6MTc3OTE5MjQ0Miwib3JpZ19pYXQiOjE3NzkxMDYwNDJ9.ZpE2gXOsXUaLfEvypQE3XO3NoDPfVQz9u3E2atkZaoo
1100824,perf_login_000827,eyJhbGciOiJIUzI1NiIsInR5cCI6IkpXVCJ9.eyJhY2Nlc3NfdG9rZW5fZmllbGQiOjExMDA4MjQsImV4cCI6MTc3OTE5MjQ0Miwib3JpZ19pYXQiOjE3NzkxMDYwNDJ9.Aq3ohDpgCusKdsMUxak6hkdd8d-gFsOqppz34syjWoc
1100819,perf_login_000823,eyJhbGciOiJIUzI1NiIsInR5cCI6IkpXVCJ9.eyJhY2Nlc3NfdG9rZW5fZmllbGQiOjExMDA4MTksImV4cCI6MTc3OTE5MjQ0Miwib3JpZ19pYXQiOjE3NzkxMDYwNDJ9.W3l25LbY2zbev3kzclO2W7iak5XZ_PPlIq88FJKw49M
1100818,perf_login_000821,eyJhbGciOiJIUzI1NiIsInR5cCI6IkpXVCJ9.eyJhY2Nlc3NfdG9rZW5fZmllbGQiOjExMDA4MTgsImV4cCI6MTc3OTE5MjQ0Miwib3JpZ19pYXQiOjE3NzkxMDYwNDJ9.yNbisKZRPo2BxLSe3NyIB3lWK4hQT9NE5JM_9Y69pso
1100825,perf_login_000828,eyJhbGciOiJIUzI1NiIsInR5cCI6IkpXVCJ9.eyJhY2Nlc3NfdG9rZW5fZmllbGQiOjExMDA4MjUsImV4cCI6MTc3OTE5MjQ0Miwib3JpZ19pYXQiOjE3NzkxMDYwNDJ9.SSw933CTDeXiD7WIVUg4zfxcTr1Jf-UqZ_BVAs3hXhI
1100827,perf_login_000830,eyJhbGciOiJIUzI1NiIsInR5cCI6IkpXVCJ9.eyJhY2Nlc3NfdG9rZW5fZmllbGQiOjExMDA4MjcsImV4cCI6MTc3OTE5MjQ0Miwib3JpZ19pYXQiOjE3NzkxMDYwNDJ9.7gq6nfUZgeayDO-5rv082Udr9Rb5EwI_jfnvd5SPRII
1100831,perf_login_000834,eyJhbGciOiJIUzI1NiIsInR5cCI6IkpXVCJ9.eyJhY2Nlc3NfdG9rZW5fZmllbGQiOjExMDA4MzEsImV4cCI6MTc3OTE5MjQ0Miwib3JpZ19pYXQiOjE3NzkxMDYwNDJ9.Mc962smgq8-j4FgLWkrxsbCijP7FGaCp-HT0n4ydmQw
1100832,perf_login_000835,eyJhbGciOiJIUzI1NiIsInR5cCI6IkpXVCJ9.eyJhY2Nlc3NfdG9rZW5fZmllbGQiOjExMDA4MzIsImV4cCI6MTc3OTE5MjQ0Miwib3JpZ19pYXQiOjE3NzkxMDYwNDJ9.Tm03-Du5Oqi--B7K4rSav5O8Crq4kU2BsCyQ_ehqUqQ
1100828,perf_login_000831,eyJhbGciOiJIUzI1NiIsInR5cCI6IkpXVCJ9.eyJhY2Nlc3NfdG9rZW5fZmllbGQiOjExMDA4MjgsImV4cCI6MTc3OTE5MjQ0Miwib3JpZ19pYXQiOjE3NzkxMDYwNDJ9.MFLjMXXIKYZAjgl-yZI0fFS5cAO0fcTpvuFZUixQtO4
1100826,perf_login_000829,eyJhbGciOiJIUzI1NiIsInR5cCI6IkpXVCJ9.eyJhY2Nlc3NfdG9rZW5fZmllbGQiOjExMDA4MjYsImV4cCI6MTc3OTE5MjQ0Miwib3JpZ19pYXQiOjE3NzkxMDYwNDJ9.PEPYjhxBXTPMLnywtWDTZadi4J50D9BLlCYNX94YEzs
1100830,perf_login_000833,eyJhbGciOiJIUzI1NiIsInR5cCI6IkpXVCJ9.eyJhY2Nlc3NfdG9rZW5fZmllbGQiOjExMDA4MzAsImV4cCI6MTc3OTE5MjQ0Miwib3JpZ19pYXQiOjE3NzkxMDYwNDJ9.0OuyB_ZI8avGSiUJSulBo91giz12nnKoHVGLB_Cer40
1100833,perf_login_000836,eyJhbGciOiJIUzI1NiIsInR5cCI6IkpXVCJ9.eyJhY2Nlc3NfdG9rZW5fZmllbGQiOjExMDA4MzMsImV4cCI6MTc3OTE5MjQ0Miwib3JpZ19pYXQiOjE3NzkxMDYwNDJ9.r00EEp0QIhPTa5Rt5J69FyI5sIcHjOTPTfX2azmgfSg
1100829,perf_login_000832,eyJhbGciOiJIUzI1NiIsInR5cCI6IkpXVCJ9.eyJhY2Nlc3NfdG9rZW5fZmllbGQiOjExMDA4MjksImV4cCI6MTc3OTE5MjQ0Miwib3JpZ19pYXQiOjE3NzkxMDYwNDJ9.FLWCOSjVuF82QslqpNp0zaPmmlHRlYcceVVIElrfB0E
1100836,perf_login_000838,eyJhbGciOiJIUzI1NiIsInR5cCI6IkpXVCJ9.eyJhY2Nlc3NfdG9rZW5fZmllbGQiOjExMDA4MzYsImV4cCI6MTc3OTE5MjQ0Miwib3JpZ19pYXQiOjE3NzkxMDYwNDJ9.czdDagEqk0zpI3KVj7tZVRz8q4Wd1KHCmmuIvHz9Xqs
1100840,perf_login_000842,eyJhbGciOiJIUzI1NiIsInR5cCI6IkpXVCJ9.eyJhY2Nlc3NfdG9rZW5fZmllbGQiOjExMDA4NDAsImV4cCI6MTc3OTE5MjQ0Miwib3JpZ19pYXQiOjE3NzkxMDYwNDJ9.lzls5oRccwOkoMNJoK7kPqjpcRWV3k49m-m5Z0b1SD4
1100839,perf_login_000843,eyJhbGciOiJIUzI1NiIsInR5cCI6IkpXVCJ9.eyJhY2Nlc3NfdG9rZW5fZmllbGQiOjExMDA4MzksImV4cCI6MTc3OTE5MjQ0Miwib3JpZ19pYXQiOjE3NzkxMDYwNDJ9.a1TE4L2FGmGYPtdUcq4ojvs6692lk8-S14qkempRoIQ
1100837,perf_login_000840,eyJhbGciOiJIUzI1NiIsInR5cCI6IkpXVCJ9.eyJhY2Nlc3NfdG9rZW5fZmllbGQiOjExMDA4MzcsImV4cCI6MTc3OTE5MjQ0Miwib3JpZ19pYXQiOjE3NzkxMDYwNDJ9.kqTceqw6TfOvBvSN9GAzLNXuFGszhnYAOGM1auKmgbA
1100838,perf_login_000841,eyJhbGciOiJIUzI1NiIsInR5cCI6IkpXVCJ9.eyJhY2Nlc3NfdG9rZW5fZmllbGQiOjExMDA4MzgsImV4cCI6MTc3OTE5MjQ0Miwib3JpZ19pYXQiOjE3NzkxMDYwNDJ9._uCTJpjUGFiL4gUV8OtRbKXXyEBoLrGs8j56kE0lRTI
1100834,perf_login_000837,eyJhbGciOiJIUzI1NiIsInR5cCI6IkpXVCJ9.eyJhY2Nlc3NfdG9rZW5fZmllbGQiOjExMDA4MzQsImV4cCI6MTc3OTE5MjQ0Miwib3JpZ19pYXQiOjE3NzkxMDYwNDJ9.-N-7H_szLeevj9b5q7kVPYV9WoPaVjgbW-0n8Sj5UHE
1100848,perf_login_000850,eyJhbGciOiJIUzI1NiIsInR5cCI6IkpXVCJ9.eyJhY2Nlc3NfdG9rZW5fZmllbGQiOjExMDA4NDgsImV4cCI6MTc3OTE5MjQ0Miwib3JpZ19pYXQiOjE3NzkxMDYwNDJ9.FwwtNH-wVO2HDW0pMIdCIkzztTEEHj_7M1AQ-ymMsjM
1100846,perf_login_000849,eyJhbGciOiJIUzI1NiIsInR5cCI6IkpXVCJ9.eyJhY2Nlc3NfdG9rZW5fZmllbGQiOjExMDA4NDYsImV4cCI6MTc3OTE5MjQ0Miwib3JpZ19pYXQiOjE3NzkxMDYwNDJ9.fIsy0PN7t0Blf4_DwAGcHQOWsVmlcb9RthYCmJG0-Z4
1100847,perf_login_000851,eyJhbGciOiJIUzI1NiIsInR5cCI6IkpXVCJ9.eyJhY2Nlc3NfdG9rZW5fZmllbGQiOjExMDA4NDcsImV4cCI6MTc3OTE5MjQ0Miwib3JpZ19pYXQiOjE3NzkxMDYwNDJ9.VyHqHTYHaPmkxLoAOo0JXEOsHg--w_J_sMwcJqhO5xg
1100844,perf_login_000847,eyJhbGciOiJIUzI1NiIsInR5cCI6IkpXVCJ9.eyJhY2Nlc3NfdG9rZW5fZmllbGQiOjExMDA4NDQsImV4cCI6MTc3OTE5MjQ0Miwib3JpZ19pYXQiOjE3NzkxMDYwNDJ9.KtFucwg4Auja5totpKs_QDtRYH08w6lm3dmtu38m2Kg
1100849,perf_login_000852,eyJhbGciOiJIUzI1NiIsInR5cCI6IkpXVCJ9.eyJhY2Nlc3NfdG9rZW5fZmllbGQiOjExMDA4NDksImV4cCI6MTc3OTE5MjQ0Miwib3JpZ19pYXQiOjE3NzkxMDYwNDJ9.Iehef7n7ewNkuqM-mShLLotaShDpko_tGDSjqsa2RR0
1100850,perf_login_000853,eyJhbGciOiJIUzI1NiIsInR5cCI6IkpXVCJ9.eyJhY2Nlc3NfdG9rZW5fZmllbGQiOjExMDA4NTAsImV4cCI6MTc3OTE5MjQ0Miwib3JpZ19pYXQiOjE3NzkxMDYwNDJ9.336SGH3YmNecwZdRp9XdcqE38WAmGDCLhbHetvA9UCg
1100845,perf_login_000848,eyJhbGciOiJIUzI1NiIsInR5cCI6IkpXVCJ9.eyJhY2Nlc3NfdG9rZW5fZmllbGQiOjExMDA4NDUsImV4cCI6MTc3OTE5MjQ0Miwib3JpZ19pYXQiOjE3NzkxMDYwNDJ9.kd4n9oFoS8X_QGTH1OsLyhtHbdmF_yWKzMmeit28lRE
1100842,perf_login_000845,eyJhbGciOiJIUzI1NiIsInR5cCI6IkpXVCJ9.eyJhY2Nlc3NfdG9rZW5fZmllbGQiOjExMDA4NDIsImV4cCI6MTc3OTE5MjQ0Miwib3JpZ19pYXQiOjE3NzkxMDYwNDJ9.SGBxfd0yp5bAxHJHrkgIAjspxvC3fmlf-AU_OEpR5Vs
1100854,perf_login_000857,eyJhbGciOiJIUzI1NiIsInR5cCI6IkpXVCJ9.eyJhY2Nlc3NfdG9rZW5fZmllbGQiOjExMDA4NTQsImV4cCI6MTc3OTE5MjQ0Miwib3JpZ19pYXQiOjE3NzkxMDYwNDJ9.H1QPqRmFu9zmUPRrqzO1ykGVCsoUz5W6OolFofV_9zY
1100853,perf_login_000856,eyJhbGciOiJIUzI1NiIsInR5cCI6IkpXVCJ9.eyJhY2Nlc3NfdG9rZW5fZmllbGQiOjExMDA4NTMsImV4cCI6MTc3OTE5MjQ0Miwib3JpZ19pYXQiOjE3NzkxMDYwNDJ9.IpEZuwS2BnDZiBtAgxMgyiu9RIne213oFJ4diVUuYlE
1100851,perf_login_000854,eyJhbGciOiJIUzI1NiIsInR5cCI6IkpXVCJ9.eyJhY2Nlc3NfdG9rZW5fZmllbGQiOjExMDA4NTEsImV4cCI6MTc3OTE5MjQ0Miwib3JpZ19pYXQiOjE3NzkxMDYwNDJ9.XI_ttm8edZY9H9KyDL5q9EhUui4ibDOd-9jp6VicOw8
1100855,perf_login_000858,eyJhbGciOiJIUzI1NiIsInR5cCI6IkpXVCJ9.eyJhY2Nlc3NfdG9rZW5fZmllbGQiOjExMDA4NTUsImV4cCI6MTc3OTE5MjQ0Miwib3JpZ19pYXQiOjE3NzkxMDYwNDJ9.kcGMzoaaO_ze4nj4XkU5Q6cHJhlHPJ6WCLKefAGA4Wo
1100856,perf_login_000859,eyJhbGciOiJIUzI1NiIsInR5cCI6IkpXVCJ9.eyJhY2Nlc3NfdG9rZW5fZmllbGQiOjExMDA4NTYsImV4cCI6MTc3OTE5MjQ0Miwib3JpZ19pYXQiOjE3NzkxMDYwNDJ9.5fdUVy_fnm7luE5ghDTG--9uaPaoS2FfCXwloauV9B8
1100852,perf_login_000855,eyJhbGciOiJIUzI1NiIsInR5cCI6IkpXVCJ9.eyJhY2Nlc3NfdG9rZW5fZmllbGQiOjExMDA4NTIsImV4cCI6MTc3OTE5MjQ0Miwib3JpZ19pYXQiOjE3NzkxMDYwNDJ9.itZKCTfszzchsXDUg7Dna0c_cyHWoC5Iih85PAsVqfU
1100858,perf_login_000860,eyJhbGciOiJIUzI1NiIsInR5cCI6IkpXVCJ9.eyJhY2Nlc3NfdG9rZW5fZmllbGQiOjExMDA4NTgsImV4cCI6MTc3OTE5MjQ0Miwib3JpZ19pYXQiOjE3NzkxMDYwNDJ9.oM-ncyylFzXBk0hST53g_njYqFRxzJ1Nz6U3q71SFyY
1100857,perf_login_000861,eyJhbGciOiJIUzI1NiIsInR5cCI6IkpXVCJ9.eyJhY2Nlc3NfdG9rZW5fZmllbGQiOjExMDA4NTcsImV4cCI6MTc3OTE5MjQ0Miwib3JpZ19pYXQiOjE3NzkxMDYwNDJ9.RiGjpKuJEayiy1pJ2KPe7N14yk1jWxLToR82XNEj_Z4
1100863,perf_login_000866,eyJhbGciOiJIUzI1NiIsInR5cCI6IkpXVCJ9.eyJhY2Nlc3NfdG9rZW5fZmllbGQiOjExMDA4NjMsImV4cCI6MTc3OTE5MjQ0Miwib3JpZ19pYXQiOjE3NzkxMDYwNDJ9.w4cxUk8ZU7eV08CkwWy7-gFbWGoB0SzfvqO_jfZT0wg
1100859,perf_login_000862,eyJhbGciOiJIUzI1NiIsInR5cCI6IkpXVCJ9.eyJhY2Nlc3NfdG9rZW5fZmllbGQiOjExMDA4NTksImV4cCI6MTc3OTE5MjQ0Miwib3JpZ19pYXQiOjE3NzkxMDYwNDJ9.yaE4CvqpZKOQ2yOXvaZ6CA5An8-nCclZUSFlKbU2X-I
1100861,perf_login_000864,eyJhbGciOiJIUzI1NiIsInR5cCI6IkpXVCJ9.eyJhY2Nlc3NfdG9rZW5fZmllbGQiOjExMDA4NjEsImV4cCI6MTc3OTE5MjQ0Miwib3JpZ19pYXQiOjE3NzkxMDYwNDJ9.OPLmjzxTgv3yu2mrGW1l-SNtbq8T8bMN3wFXQYRagGc
1100862,perf_login_000865,eyJhbGciOiJIUzI1NiIsInR5cCI6IkpXVCJ9.eyJhY2Nlc3NfdG9rZW5fZmllbGQiOjExMDA4NjIsImV4cCI6MTc3OTE5MjQ0Miwib3JpZ19pYXQiOjE3NzkxMDYwNDJ9.U83QZyu98utYiRRw_8-dZyKHvdy8YC-Ri55c9R3uF8w
1100864,perf_login_000867,eyJhbGciOiJIUzI1NiIsInR5cCI6IkpXVCJ9.eyJhY2Nlc3NfdG9rZW5fZmllbGQiOjExMDA4NjQsImV4cCI6MTc3OTE5MjQ0Miwib3JpZ19pYXQiOjE3NzkxMDYwNDJ9.Wo4FgfGQ1lvNwaR5NdrmDrwc0B7yZU3Kh04k1ebN18M
1100866,perf_login_000868,eyJhbGciOiJIUzI1NiIsInR5cCI6IkpXVCJ9.eyJhY2Nlc3NfdG9rZW5fZmllbGQiOjExMDA4NjYsImV4cCI6MTc3OTE5MjQ0Miwib3JpZ19pYXQiOjE3NzkxMDYwNDJ9.rrRhgmdiR8dxCi_sg1eKUYheE5AIEYl0dMfe7Ma1wWQ
1100860,perf_login_000863,eyJhbGciOiJIUzI1NiIsInR5cCI6IkpXVCJ9.eyJhY2Nlc3NfdG9rZW5fZmllbGQiOjExMDA4NjAsImV4cCI6MTc3OTE5MjQ0Miwib3JpZ19pYXQiOjE3NzkxMDYwNDJ9.Gh7LwGu2MNC3PaytzaLBrkXNAkraaFIJnoh4DGd3WkI
1100865,perf_login_000869,eyJhbGciOiJIUzI1NiIsInR5cCI6IkpXVCJ9.eyJhY2Nlc3NfdG9rZW5fZmllbGQiOjExMDA4NjUsImV4cCI6MTc3OTE5MjQ0Miwib3JpZ19pYXQiOjE3NzkxMDYwNDJ9.iaPKTlS4LeKJGKEANBRWJ8zdULaYw9oMqASGiW2SNn0
1100867,perf_login_000870,eyJhbGciOiJIUzI1NiIsInR5cCI6IkpXVCJ9.eyJhY2Nlc3NfdG9rZW5fZmllbGQiOjExMDA4NjcsImV4cCI6MTc3OTE5MjQ0Mywib3JpZ19pYXQiOjE3NzkxMDYwNDN9.CbAOnyySFASx6Uu61G1hEZRaZ0g-yWV9lhMVxyFPlwk
1100870,perf_login_000873,eyJhbGciOiJIUzI1NiIsInR5cCI6IkpXVCJ9.eyJhY2Nlc3NfdG9rZW5fZmllbGQiOjExMDA4NzAsImV4cCI6MTc3OTE5MjQ0Mywib3JpZ19pYXQiOjE3NzkxMDYwNDN9.gZs0qW7a07YvepgXs57rhfK7J2ejmFVax2z_ecpREVU
1100868,perf_login_000871,eyJhbGciOiJIUzI1NiIsInR5cCI6IkpXVCJ9.eyJhY2Nlc3NfdG9rZW5fZmllbGQiOjExMDA4NjgsImV4cCI6MTc3OTE5MjQ0Mywib3JpZ19pYXQiOjE3NzkxMDYwNDN9.czkskWGTRwnuxFsgZ299b_klWEX-VH6419bXcvF9Qfc
1100871,perf_login_000876,eyJhbGciOiJIUzI1NiIsInR5cCI6IkpXVCJ9.eyJhY2Nlc3NfdG9rZW5fZmllbGQiOjExMDA4NzEsImV4cCI6MTc3OTE5MjQ0Mywib3JpZ19pYXQiOjE3NzkxMDYwNDN9.3ZgojTbV67GA-YZIOT-W6IT3ZySwgupwXS_BGkX2880
1100873,perf_login_000874,eyJhbGciOiJIUzI1NiIsInR5cCI6IkpXVCJ9.eyJhY2Nlc3NfdG9rZW5fZmllbGQiOjExMDA4NzMsImV4cCI6MTc3OTE5MjQ0Mywib3JpZ19pYXQiOjE3NzkxMDYwNDN9.aYt3o7YYdPhP8I3CxG5C9Kwuc9GSDkZNBDX3TfcruMc
1100869,perf_login_000872,eyJhbGciOiJIUzI1NiIsInR5cCI6IkpXVCJ9.eyJhY2Nlc3NfdG9rZW5fZmllbGQiOjExMDA4NjksImV4cCI6MTc3OTE5MjQ0Mywib3JpZ19pYXQiOjE3NzkxMDYwNDN9.Mx0bJM3MSjKvFKtDJPBes1OUcJ8as631jKaGTFqnL6Y
1100872,perf_login_000875,eyJhbGciOiJIUzI1NiIsInR5cCI6IkpXVCJ9.eyJhY2Nlc3NfdG9rZW5fZmllbGQiOjExMDA4NzIsImV4cCI6MTc3OTE5MjQ0Mywib3JpZ19pYXQiOjE3NzkxMDYwNDN9.uBnvp9tHv27isJbTbnDv3FVhmCTka9mZS4CebJX0LqY
1100874,perf_login_000877,eyJhbGciOiJIUzI1NiIsInR5cCI6IkpXVCJ9.eyJhY2Nlc3NfdG9rZW5fZmllbGQiOjExMDA4NzQsImV4cCI6MTc3OTE5MjQ0Mywib3JpZ19pYXQiOjE3NzkxMDYwNDN9.uIkSW7vP_q1PO9X1wXEoeQ8z26eYlCEro0ZsSwwY800
1100877,perf_login_000878,eyJhbGciOiJIUzI1NiIsInR5cCI6IkpXVCJ9.eyJhY2Nlc3NfdG9rZW5fZmllbGQiOjExMDA4NzcsImV4cCI6MTc3OTE5MjQ0Mywib3JpZ19pYXQiOjE3NzkxMDYwNDN9.ctSstMqEdeY8UcRVlVID7AaSVT7Mgri-PZMekXtuQ6c
1100878,perf_login_000879,eyJhbGciOiJIUzI1NiIsInR5cCI6IkpXVCJ9.eyJhY2Nlc3NfdG9rZW5fZmllbGQiOjExMDA4NzgsImV4cCI6MTc3OTE5MjQ0Mywib3JpZ19pYXQiOjE3NzkxMDYwNDN9.1tutBsLet6-sqq1CNT7I41PZye4sn8lpGy0RsCI_xgw
1100880,perf_login_000882,eyJhbGciOiJIUzI1NiIsInR5cCI6IkpXVCJ9.eyJhY2Nlc3NfdG9rZW5fZmllbGQiOjExMDA4ODAsImV4cCI6MTc3OTE5MjQ0Mywib3JpZ19pYXQiOjE3NzkxMDYwNDN9.3DFUZcX3nObVaJVoBrtDPUqiVQSy5RVieGuJX3tMfqk
1100879,perf_login_000883,eyJhbGciOiJIUzI1NiIsInR5cCI6IkpXVCJ9.eyJhY2Nlc3NfdG9rZW5fZmllbGQiOjExMDA4NzksImV4cCI6MTc3OTE5MjQ0Mywib3JpZ19pYXQiOjE3NzkxMDYwNDN9.OVPuf0mUSslUFDQkXWdpMkVjX2KuW4D3CK8Sf0cMEps
1100875,perf_login_000880,eyJhbGciOiJIUzI1NiIsInR5cCI6IkpXVCJ9.eyJhY2Nlc3NfdG9rZW5fZmllbGQiOjExMDA4NzUsImV4cCI6MTc3OTE5MjQ0Mywib3JpZ19pYXQiOjE3NzkxMDYwNDN9.Y4fWOWBEwI4I48TCyeb5sbqB7IcXAhazNXbMmTH9yvY
1100876,perf_login_000881,eyJhbGciOiJIUzI1NiIsInR5cCI6IkpXVCJ9.eyJhY2Nlc3NfdG9rZW5fZmllbGQiOjExMDA4NzYsImV4cCI6MTc3OTE5MjQ0Mywib3JpZ19pYXQiOjE3NzkxMDYwNDN9.zqJJm3lcLw28b_SI4BbmoEzpNN9LeCea7FrXnfdcN8w
1100881,perf_login_000884,eyJhbGciOiJIUzI1NiIsInR5cCI6IkpXVCJ9.eyJhY2Nlc3NfdG9rZW5fZmllbGQiOjExMDA4ODEsImV4cCI6MTc3OTE5MjQ0Mywib3JpZ19pYXQiOjE3NzkxMDYwNDN9.Et2VM2U5wtoRqukIZsRJWEr8GqxqFLMrusbji3Ei65c
1100886,perf_login_000889,eyJhbGciOiJIUzI1NiIsInR5cCI6IkpXVCJ9.eyJhY2Nlc3NfdG9rZW5fZmllbGQiOjExMDA4ODYsImV4cCI6MTc3OTE5MjQ0Mywib3JpZ19pYXQiOjE3NzkxMDYwNDN9.3nG_2Tv4DSrHDCNoENOb4BjMKtMBGxCZJ2XZ_IatprQ
1100884,perf_login_000887,eyJhbGciOiJIUzI1NiIsInR5cCI6IkpXVCJ9.eyJhY2Nlc3NfdG9rZW5fZmllbGQiOjExMDA4ODQsImV4cCI6MTc3OTE5MjQ0Mywib3JpZ19pYXQiOjE3NzkxMDYwNDN9.vzwIe742tVmiJqUlR8XhPzg_DMkOwLz8S_aujR27ISM
1100883,perf_login_000886,eyJhbGciOiJIUzI1NiIsInR5cCI6IkpXVCJ9.eyJhY2Nlc3NfdG9rZW5fZmllbGQiOjExMDA4ODMsImV4cCI6MTc3OTE5MjQ0Mywib3JpZ19pYXQiOjE3NzkxMDYwNDN9.TofhqMEYAtVUGgnjvuckt8IWPqocI9_tV1qcC4YnSYU
1100882,perf_login_000885,eyJhbGciOiJIUzI1NiIsInR5cCI6IkpXVCJ9.eyJhY2Nlc3NfdG9rZW5fZmllbGQiOjExMDA4ODIsImV4cCI6MTc3OTE5MjQ0Mywib3JpZ19pYXQiOjE3NzkxMDYwNDN9.43OMbAxyAnkcqRQoDHbBdlrewob4BzeBPxIJhf3-DFw
1100885,perf_login_000888,eyJhbGciOiJIUzI1NiIsInR5cCI6IkpXVCJ9.eyJhY2Nlc3NfdG9rZW5fZmllbGQiOjExMDA4ODUsImV4cCI6MTc3OTE5MjQ0Mywib3JpZ19pYXQiOjE3NzkxMDYwNDN9.gTxjFL74PCexVZvEVOz-gP8cNwXDxg8_EwIwqXMBujc
1100887,perf_login_000890,eyJhbGciOiJIUzI1NiIsInR5cCI6IkpXVCJ9.eyJhY2Nlc3NfdG9rZW5fZmllbGQiOjExMDA4ODcsImV4cCI6MTc3OTE5MjQ0Mywib3JpZ19pYXQiOjE3NzkxMDYwNDN9.9acNkJJobpCTP_i708LkJvapM3G5dmzZHXkzE6NaDgk
1100890,perf_login_000893,eyJhbGciOiJIUzI1NiIsInR5cCI6IkpXVCJ9.eyJhY2Nlc3NfdG9rZW5fZmllbGQiOjExMDA4OTAsImV4cCI6MTc3OTE5MjQ0Mywib3JpZ19pYXQiOjE3NzkxMDYwNDN9.cx6x18lBeOo4AQcatzpyH8X3Yx4tHsqMxapCkFdPLfw
1100888,perf_login_000891,eyJhbGciOiJIUzI1NiIsInR5cCI6IkpXVCJ9.eyJhY2Nlc3NfdG9rZW5fZmllbGQiOjExMDA4ODgsImV4cCI6MTc3OTE5MjQ0Mywib3JpZ19pYXQiOjE3NzkxMDYwNDN9.em10w8WZhP-xV_WcloSKCT4MCelTJSH4B9lnK139o8I
1100891,perf_login_000894,eyJhbGciOiJIUzI1NiIsInR5cCI6IkpXVCJ9.eyJhY2Nlc3NfdG9rZW5fZmllbGQiOjExMDA4OTEsImV4cCI6MTc3OTE5MjQ0Mywib3JpZ19pYXQiOjE3NzkxMDYwNDN9.VRTsmjS3ItYEf_tDUeXcwpUQ79HNmMTHaiNulklLvuI
1100889,perf_login_000892,eyJhbGciOiJIUzI1NiIsInR5cCI6IkpXVCJ9.eyJhY2Nlc3NfdG9rZW5fZmllbGQiOjExMDA4ODksImV4cCI6MTc3OTE5MjQ0Mywib3JpZ19pYXQiOjE3NzkxMDYwNDN9.rv4fZLWfbfjFYNVHoC-62VxNIFTPRGUpixb87L3yHcc
1100893,perf_login_000896,eyJhbGciOiJIUzI1NiIsInR5cCI6IkpXVCJ9.eyJhY2Nlc3NfdG9rZW5fZmllbGQiOjExMDA4OTMsImV4cCI6MTc3OTE5MjQ0Mywib3JpZ19pYXQiOjE3NzkxMDYwNDN9.QMeOXlrOooi-pZcnIHPFY1KyED8UClMQsEjFvA73oB0
1100899,perf_login_000902,eyJhbGciOiJIUzI1NiIsInR5cCI6IkpXVCJ9.eyJhY2Nlc3NfdG9rZW5fZmllbGQiOjExMDA4OTksImV4cCI6MTc3OTE5MjQ0Mywib3JpZ19pYXQiOjE3NzkxMDYwNDN9.I_QWlsgxmq1018N2WLq--KfirztTvXMoCqap5eEZ3v8
1100892,perf_login_000895,eyJhbGciOiJIUzI1NiIsInR5cCI6IkpXVCJ9.eyJhY2Nlc3NfdG9rZW5fZmllbGQiOjExMDA4OTIsImV4cCI6MTc3OTE5MjQ0Mywib3JpZ19pYXQiOjE3NzkxMDYwNDN9.yfBDO2GCgxtukZt7UCWvOV6fhfNE_FcMfyG4mc27YL0
1100894,perf_login_000897,eyJhbGciOiJIUzI1NiIsInR5cCI6IkpXVCJ9.eyJhY2Nlc3NfdG9rZW5fZmllbGQiOjExMDA4OTQsImV4cCI6MTc3OTE5MjQ0Mywib3JpZ19pYXQiOjE3NzkxMDYwNDN9.nwMZp0YNU-krrT7xL04XE_4gRGCoWvQ_OfrwkX8WhKE
1100897,perf_login_000899,eyJhbGciOiJIUzI1NiIsInR5cCI6IkpXVCJ9.eyJhY2Nlc3NfdG9rZW5fZmllbGQiOjExMDA4OTcsImV4cCI6MTc3OTE5MjQ0Mywib3JpZ19pYXQiOjE3NzkxMDYwNDN9.7gZEqHRZmAtze_Ca09gJerWommlhwYWLzN1EQu9WFus
1100896,perf_login_000900,eyJhbGciOiJIUzI1NiIsInR5cCI6IkpXVCJ9.eyJhY2Nlc3NfdG9rZW5fZmllbGQiOjExMDA4OTYsImV4cCI6MTc3OTE5MjQ0Mywib3JpZ19pYXQiOjE3NzkxMDYwNDN9.SjbTCr1HzS396c1Qfu_dScHiL-bzBs3o9FfoKP0feGo
1100898,perf_login_000901,eyJhbGciOiJIUzI1NiIsInR5cCI6IkpXVCJ9.eyJhY2Nlc3NfdG9rZW5fZmllbGQiOjExMDA4OTgsImV4cCI6MTc3OTE5MjQ0Mywib3JpZ19pYXQiOjE3NzkxMDYwNDN9._5IQP4-5ajvd7Dmt7Y5EgA-REH16ciy_ydRxAefZzgo
1100895,perf_login_000898,eyJhbGciOiJIUzI1NiIsInR5cCI6IkpXVCJ9.eyJhY2Nlc3NfdG9rZW5fZmllbGQiOjExMDA4OTUsImV4cCI6MTc3OTE5MjQ0Mywib3JpZ19pYXQiOjE3NzkxMDYwNDN9.qzpBWvNeUm_cAGcAYXEWRyj2mM2_4HLHHpD0yGhUzb8
1100903,perf_login_000906,eyJhbGciOiJIUzI1NiIsInR5cCI6IkpXVCJ9.eyJhY2Nlc3NfdG9rZW5fZmllbGQiOjExMDA5MDMsImV4cCI6MTc3OTE5MjQ0Mywib3JpZ19pYXQiOjE3NzkxMDYwNDN9.vWLmRQVWBrELeV3bfOBFA319RpEruhHrZDck2NTdwHw
1100901,perf_login_000904,eyJhbGciOiJIUzI1NiIsInR5cCI6IkpXVCJ9.eyJhY2Nlc3NfdG9rZW5fZmllbGQiOjExMDA5MDEsImV4cCI6MTc3OTE5MjQ0Mywib3JpZ19pYXQiOjE3NzkxMDYwNDN9.tZAKwfdy01kNgswrHRMKLV4SUPOorB6lDdsvqaHmp04
1100902,perf_login_000905,eyJhbGciOiJIUzI1NiIsInR5cCI6IkpXVCJ9.eyJhY2Nlc3NfdG9rZW5fZmllbGQiOjExMDA5MDIsImV4cCI6MTc3OTE5MjQ0Mywib3JpZ19pYXQiOjE3NzkxMDYwNDN9.OUGea6_Nhg2r36IZOqjhWfUJe9RK5ClA9rEXNR5j9LY
1100900,perf_login_000903,eyJhbGciOiJIUzI1NiIsInR5cCI6IkpXVCJ9.eyJhY2Nlc3NfdG9rZW5fZmllbGQiOjExMDA5MDAsImV4cCI6MTc3OTE5MjQ0Mywib3JpZ19pYXQiOjE3NzkxMDYwNDN9.HU-SwFDpLrkratb06YoBqA5GuDs-0W-mw-0DovBY1XA
1100905,perf_login_000908,eyJhbGciOiJIUzI1NiIsInR5cCI6IkpXVCJ9.eyJhY2Nlc3NfdG9rZW5fZmllbGQiOjExMDA5MDUsImV4cCI6MTc3OTE5MjQ0Mywib3JpZ19pYXQiOjE3NzkxMDYwNDN9.Glj991eRU2ncRqh5_W5-PQVKuIepadcQ-XMjpIvCsU8
1100904,perf_login_000907,eyJhbGciOiJIUzI1NiIsInR5cCI6IkpXVCJ9.eyJhY2Nlc3NfdG9rZW5fZmllbGQiOjExMDA5MDQsImV4cCI6MTc3OTE5MjQ0Mywib3JpZ19pYXQiOjE3NzkxMDYwNDN9.69Z4EshINfHUM6JVQmUVYO6ixGOOPtCfTKQ4scQAus0
1100906,perf_login_000909,eyJhbGciOiJIUzI1NiIsInR5cCI6IkpXVCJ9.eyJhY2Nlc3NfdG9rZW5fZmllbGQiOjExMDA5MDYsImV4cCI6MTc3OTE5MjQ0Mywib3JpZ19pYXQiOjE3NzkxMDYwNDN9.9tB3XAIgRhvphe5cgSGGM7uVhd0gLKizzB_EBCl15GI
1100907,perf_login_000910,eyJhbGciOiJIUzI1NiIsInR5cCI6IkpXVCJ9.eyJhY2Nlc3NfdG9rZW5fZmllbGQiOjExMDA5MDcsImV4cCI6MTc3OTE5MjQ0Mywib3JpZ19pYXQiOjE3NzkxMDYwNDN9.vlljY1TMVR1q7rqutEYvrL0nH3UXjkTOSf8g8Q9gNjE
1100909,perf_login_000912,eyJhbGciOiJIUzI1NiIsInR5cCI6IkpXVCJ9.eyJhY2Nlc3NfdG9rZW5fZmllbGQiOjExMDA5MDksImV4cCI6MTc3OTE5MjQ0Mywib3JpZ19pYXQiOjE3NzkxMDYwNDN9.xCVKoHkg6DW2xyCCUzI4SsUrYpn61fpFKpfJxNqtRas
1100908,perf_login_000911,eyJhbGciOiJIUzI1NiIsInR5cCI6IkpXVCJ9.eyJhY2Nlc3NfdG9rZW5fZmllbGQiOjExMDA5MDgsImV4cCI6MTc3OTE5MjQ0Mywib3JpZ19pYXQiOjE3NzkxMDYwNDN9.cMYEgOpGsvvmQCdUN4OiPCwHlm3AkFp1H6AgywRIfGA
1100914,perf_login_000917,eyJhbGciOiJIUzI1NiIsInR5cCI6IkpXVCJ9.eyJhY2Nlc3NfdG9rZW5fZmllbGQiOjExMDA5MTQsImV4cCI6MTc3OTE5MjQ0Mywib3JpZ19pYXQiOjE3NzkxMDYwNDN9.0cS1AO20Lpnjzmeh0aBzvASO3ndH2KQqkoBE42KAlC0
1100913,perf_login_000916,eyJhbGciOiJIUzI1NiIsInR5cCI6IkpXVCJ9.eyJhY2Nlc3NfdG9rZW5fZmllbGQiOjExMDA5MTMsImV4cCI6MTc3OTE5MjQ0Mywib3JpZ19pYXQiOjE3NzkxMDYwNDN9.AJvkGMbj_1-rLqDT5_dDTRBIQ0kV85Tl5tGmEKzgdzM
1100911,perf_login_000915,eyJhbGciOiJIUzI1NiIsInR5cCI6IkpXVCJ9.eyJhY2Nlc3NfdG9rZW5fZmllbGQiOjExMDA5MTEsImV4cCI6MTc3OTE5MjQ0Mywib3JpZ19pYXQiOjE3NzkxMDYwNDN9.JWikdjVofi17Vq3HxJZ9KcCeTWVgLyV7zJtDnZnn0ew
1100912,perf_login_000914,eyJhbGciOiJIUzI1NiIsInR5cCI6IkpXVCJ9.eyJhY2Nlc3NfdG9rZW5fZmllbGQiOjExMDA5MTIsImV4cCI6MTc3OTE5MjQ0Mywib3JpZ19pYXQiOjE3NzkxMDYwNDN9.tQTot2g_29bwFEN3EkVC5OFvANpKixcUcz3NLztfhfw
1100910,perf_login_000913,eyJhbGciOiJIUzI1NiIsInR5cCI6IkpXVCJ9.eyJhY2Nlc3NfdG9rZW5fZmllbGQiOjExMDA5MTAsImV4cCI6MTc3OTE5MjQ0Mywib3JpZ19pYXQiOjE3NzkxMDYwNDN9.fhMbIuSdgFMis_26RGB9Ayu54rRzg0D5tMjgotkVD-w
1100916,perf_login_000919,eyJhbGciOiJIUzI1NiIsInR5cCI6IkpXVCJ9.eyJhY2Nlc3NfdG9rZW5fZmllbGQiOjExMDA5MTYsImV4cCI6MTc3OTE5MjQ0NCwib3JpZ19pYXQiOjE3NzkxMDYwNDR9.8hwhv3dbgDp4WNaLR_lHiBCnfZD39rkeZzQUg0U-pac
1100917,perf_login_000920,eyJhbGciOiJIUzI1NiIsInR5cCI6IkpXVCJ9.eyJhY2Nlc3NfdG9rZW5fZmllbGQiOjExMDA5MTcsImV4cCI6MTc3OTE5MjQ0NCwib3JpZ19pYXQiOjE3NzkxMDYwNDR9.ZDVkhj9Td6HIXyK92eMn7pBsLMSRJx8NYM03_10Els8
1100919,perf_login_000921,eyJhbGciOiJIUzI1NiIsInR5cCI6IkpXVCJ9.eyJhY2Nlc3NfdG9rZW5fZmllbGQiOjExMDA5MTksImV4cCI6MTc3OTE5MjQ0NCwib3JpZ19pYXQiOjE3NzkxMDYwNDR9.8fbMyZ2Duc2Iub584LPotXcOqTw22VS9xxP-EHBpDxY
1100915,perf_login_000918,eyJhbGciOiJIUzI1NiIsInR5cCI6IkpXVCJ9.eyJhY2Nlc3NfdG9rZW5fZmllbGQiOjExMDA5MTUsImV4cCI6MTc3OTE5MjQ0NCwib3JpZ19pYXQiOjE3NzkxMDYwNDR9.Dn6hjk-ClmoSxBMHuzaF-sNWN7VlHL3koJxFGkdAz5c
1100920,perf_login_000923,eyJhbGciOiJIUzI1NiIsInR5cCI6IkpXVCJ9.eyJhY2Nlc3NfdG9rZW5fZmllbGQiOjExMDA5MjAsImV4cCI6MTc3OTE5MjQ0NCwib3JpZ19pYXQiOjE3NzkxMDYwNDR9.3SyH3ErDjQy4eZsgImJvp6SK8Y50AVBgQdT92KkZJZY
1100921,perf_login_000924,eyJhbGciOiJIUzI1NiIsInR5cCI6IkpXVCJ9.eyJhY2Nlc3NfdG9rZW5fZmllbGQiOjExMDA5MjEsImV4cCI6MTc3OTE5MjQ0NCwib3JpZ19pYXQiOjE3NzkxMDYwNDR9.t8nVcvxaBkkZvirno7-gSl5DEOhDA8mF9tk1DIfsabc
1100918,perf_login_000922,eyJhbGciOiJIUzI1NiIsInR5cCI6IkpXVCJ9.eyJhY2Nlc3NfdG9rZW5fZmllbGQiOjExMDA5MTgsImV4cCI6MTc3OTE5MjQ0NCwib3JpZ19pYXQiOjE3NzkxMDYwNDR9.3LBfys2uoQXu14fajtvIeT5JV2FVpt0Cv6JjlXSLAjw
1100922,perf_login_000925,eyJhbGciOiJIUzI1NiIsInR5cCI6IkpXVCJ9.eyJhY2Nlc3NfdG9rZW5fZmllbGQiOjExMDA5MjIsImV4cCI6MTc3OTE5MjQ0NCwib3JpZ19pYXQiOjE3NzkxMDYwNDR9.WsMxr5JcNpaIhIwvwujJGxrlyPgqYkKPc5MP-Rza1L0
1100926,perf_login_000930,eyJhbGciOiJIUzI1NiIsInR5cCI6IkpXVCJ9.eyJhY2Nlc3NfdG9rZW5fZmllbGQiOjExMDA5MjYsImV4cCI6MTc3OTE5MjQ0NCwib3JpZ19pYXQiOjE3NzkxMDYwNDR9.pW-sl_54l5iO24MXFd86AIBcxbX3wowuHXAvupyehhY
1100927,perf_login_000929,eyJhbGciOiJIUzI1NiIsInR5cCI6IkpXVCJ9.eyJhY2Nlc3NfdG9rZW5fZmllbGQiOjExMDA5MjcsImV4cCI6MTc3OTE5MjQ0NCwib3JpZ19pYXQiOjE3NzkxMDYwNDR9.pHuXj8No5RI2hOawprQUs2ScB91qhkFiJIca7vYKhuc
1100928,perf_login_000931,eyJhbGciOiJIUzI1NiIsInR5cCI6IkpXVCJ9.eyJhY2Nlc3NfdG9rZW5fZmllbGQiOjExMDA5MjgsImV4cCI6MTc3OTE5MjQ0NCwib3JpZ19pYXQiOjE3NzkxMDYwNDR9._DbcHEARUBdwOKQZV_0C8Wo9keYMUD4CMizXjQounDs
1100923,perf_login_000926,eyJhbGciOiJIUzI1NiIsInR5cCI6IkpXVCJ9.eyJhY2Nlc3NfdG9rZW5fZmllbGQiOjExMDA5MjMsImV4cCI6MTc3OTE5MjQ0NCwib3JpZ19pYXQiOjE3NzkxMDYwNDR9.SLvyBOyVhuoV8oeEHNuUhe3ZL70kKZijwfAR1lO5jAg
1100930,perf_login_000933,eyJhbGciOiJIUzI1NiIsInR5cCI6IkpXVCJ9.eyJhY2Nlc3NfdG9rZW5fZmllbGQiOjExMDA5MzAsImV4cCI6MTc3OTE5MjQ0NCwib3JpZ19pYXQiOjE3NzkxMDYwNDR9.wnxzlOuSuvbGpEx165kNF9w_SAtiCr2bRU5taYtFs6k
1100924,perf_login_000927,eyJhbGciOiJIUzI1NiIsInR5cCI6IkpXVCJ9.eyJhY2Nlc3NfdG9rZW5fZmllbGQiOjExMDA5MjQsImV4cCI6MTc3OTE5MjQ0NCwib3JpZ19pYXQiOjE3NzkxMDYwNDR9.mTCLVEm-M9Pr9a2915X82UwCP2qs4zdsA4EteHWYTLs
1100929,perf_login_000932,eyJhbGciOiJIUzI1NiIsInR5cCI6IkpXVCJ9.eyJhY2Nlc3NfdG9rZW5fZmllbGQiOjExMDA5MjksImV4cCI6MTc3OTE5MjQ0NCwib3JpZ19pYXQiOjE3NzkxMDYwNDR9.Xygq0QoR1oV_-vl6mytkE4IpzwWnEfRRw4Yufsk_h_o
1100925,perf_login_000928,eyJhbGciOiJIUzI1NiIsInR5cCI6IkpXVCJ9.eyJhY2Nlc3NfdG9rZW5fZmllbGQiOjExMDA5MjUsImV4cCI6MTc3OTE5MjQ0NCwib3JpZ19pYXQiOjE3NzkxMDYwNDR9.AwQK7azpg33UkRcWgoLkqDjHuIg2uqXfpwxjGTqA0pY
1100935,perf_login_000939,eyJhbGciOiJIUzI1NiIsInR5cCI6IkpXVCJ9.eyJhY2Nlc3NfdG9rZW5fZmllbGQiOjExMDA5MzUsImV4cCI6MTc3OTE5MjQ0NCwib3JpZ19pYXQiOjE3NzkxMDYwNDR9.sV_1K56DcE15nOH4g5MOKErlyDPygWgFfx1yquGpTw0
1100937,perf_login_000940,eyJhbGciOiJIUzI1NiIsInR5cCI6IkpXVCJ9.eyJhY2Nlc3NfdG9rZW5fZmllbGQiOjExMDA5MzcsImV4cCI6MTc3OTE5MjQ0NCwib3JpZ19pYXQiOjE3NzkxMDYwNDR9.x8IZk-xrxp4nogwC_kyBf9XZPXFJyfBBYfNYazRjOmY
1100932,perf_login_000936,eyJhbGciOiJIUzI1NiIsInR5cCI6IkpXVCJ9.eyJhY2Nlc3NfdG9rZW5fZmllbGQiOjExMDA5MzIsImV4cCI6MTc3OTE5MjQ0NCwib3JpZ19pYXQiOjE3NzkxMDYwNDR9.TqqqipII-rtY5GFlRBXKDZ42e87DLWsJRwW_jxbpKpE
1100931,perf_login_000934,eyJhbGciOiJIUzI1NiIsInR5cCI6IkpXVCJ9.eyJhY2Nlc3NfdG9rZW5fZmllbGQiOjExMDA5MzEsImV4cCI6MTc3OTE5MjQ0NCwib3JpZ19pYXQiOjE3NzkxMDYwNDR9.VtG24k0H0dYMrpeuiYYkdwXpMPWqOsudVDdu88Gq9pY
1100934,perf_login_000937,eyJhbGciOiJIUzI1NiIsInR5cCI6IkpXVCJ9.eyJhY2Nlc3NfdG9rZW5fZmllbGQiOjExMDA5MzQsImV4cCI6MTc3OTE5MjQ0NCwib3JpZ19pYXQiOjE3NzkxMDYwNDR9.z1iddhihS9GAaSSEmLZ0-k41DpsRx5g4u8ZfKCt-Wcc
1100936,perf_login_000938,eyJhbGciOiJIUzI1NiIsInR5cCI6IkpXVCJ9.eyJhY2Nlc3NfdG9rZW5fZmllbGQiOjExMDA5MzYsImV4cCI6MTc3OTE5MjQ0NCwib3JpZ19pYXQiOjE3NzkxMDYwNDR9.OtgNhJjkgQUSEpAFK91JPlPOGhYvl4PY3sB5Msxk87A
1100933,perf_login_000935,eyJhbGciOiJIUzI1NiIsInR5cCI6IkpXVCJ9.eyJhY2Nlc3NfdG9rZW5fZmllbGQiOjExMDA5MzMsImV4cCI6MTc3OTE5MjQ0NCwib3JpZ19pYXQiOjE3NzkxMDYwNDR9.Mc1o1NxY_XVybIMJezUh15Vn1yOkRWJuJ8XDfc5jfl8
1100938,perf_login_000941,eyJhbGciOiJIUzI1NiIsInR5cCI6IkpXVCJ9.eyJhY2Nlc3NfdG9rZW5fZmllbGQiOjExMDA5MzgsImV4cCI6MTc3OTE5MjQ0NCwib3JpZ19pYXQiOjE3NzkxMDYwNDR9.K49gx5Pzk9-S6KDhy2ZHBWFr8c6XOB-c6TzYWeo2eCQ
1100941,perf_login_000944,eyJhbGciOiJIUzI1NiIsInR5cCI6IkpXVCJ9.eyJhY2Nlc3NfdG9rZW5fZmllbGQiOjExMDA5NDEsImV4cCI6MTc3OTE5MjQ0NCwib3JpZ19pYXQiOjE3NzkxMDYwNDR9.cJYGuqCzSkWsa-cl_bD-ffE2wXr4bsOCh0XrGZL63k4
1100943,perf_login_000946,eyJhbGciOiJIUzI1NiIsInR5cCI6IkpXVCJ9.eyJhY2Nlc3NfdG9rZW5fZmllbGQiOjExMDA5NDMsImV4cCI6MTc3OTE5MjQ0NCwib3JpZ19pYXQiOjE3NzkxMDYwNDR9.lciMDN9zGf_HWE6_WuR2N7S2Nx2OVGNcDYGPt9VDCto
1100942,perf_login_000945,eyJhbGciOiJIUzI1NiIsInR5cCI6IkpXVCJ9.eyJhY2Nlc3NfdG9rZW5fZmllbGQiOjExMDA5NDIsImV4cCI6MTc3OTE5MjQ0NCwib3JpZ19pYXQiOjE3NzkxMDYwNDR9.VPSTwyHXr2Y9oeQlji6cUgtbdtOc_346xe0NrqHEFGA
1100944,perf_login_000947,eyJhbGciOiJIUzI1NiIsInR5cCI6IkpXVCJ9.eyJhY2Nlc3NfdG9rZW5fZmllbGQiOjExMDA5NDQsImV4cCI6MTc3OTE5MjQ0NCwib3JpZ19pYXQiOjE3NzkxMDYwNDR9.jOLf8cWUE6gtdkoCAoKUCJ2rxpyiCD6jIqx3nGifoy0
1100940,perf_login_000943,eyJhbGciOiJIUzI1NiIsInR5cCI6IkpXVCJ9.eyJhY2Nlc3NfdG9rZW5fZmllbGQiOjExMDA5NDAsImV4cCI6MTc3OTE5MjQ0NCwib3JpZ19pYXQiOjE3NzkxMDYwNDR9.XaxcEGBnXlJVe3-98oNrIlOZ_iVSUljkzOq4PcObKEo
1100939,perf_login_000942,eyJhbGciOiJIUzI1NiIsInR5cCI6IkpXVCJ9.eyJhY2Nlc3NfdG9rZW5fZmllbGQiOjExMDA5MzksImV4cCI6MTc3OTE5MjQ0NCwib3JpZ19pYXQiOjE3NzkxMDYwNDR9._af-6jGd5mPCjIiixlx6IVcU_0OjOzHy5ydCAkO0WSo
1100945,perf_login_000948,eyJhbGciOiJIUzI1NiIsInR5cCI6IkpXVCJ9.eyJhY2Nlc3NfdG9rZW5fZmllbGQiOjExMDA5NDUsImV4cCI6MTc3OTE5MjQ0NCwib3JpZ19pYXQiOjE3NzkxMDYwNDR9.Qjej61xwNjqrKzRiwDuK0F3JZbP6FEuKXR5-K4hi5VE
1100946,perf_login_000949,eyJhbGciOiJIUzI1NiIsInR5cCI6IkpXVCJ9.eyJhY2Nlc3NfdG9rZW5fZmllbGQiOjExMDA5NDYsImV4cCI6MTc3OTE5MjQ0NCwib3JpZ19pYXQiOjE3NzkxMDYwNDR9.bFMDZKpzJeRbScJtKLhwY5o-WQKwLBnjsEh9FJyRLqo
1100950,perf_login_000953,eyJhbGciOiJIUzI1NiIsInR5cCI6IkpXVCJ9.eyJhY2Nlc3NfdG9rZW5fZmllbGQiOjExMDA5NTAsImV4cCI6MTc3OTE5MjQ0NCwib3JpZ19pYXQiOjE3NzkxMDYwNDR9.2T_cmmeQ7r0lNstN5NLWxzSoG8MUha3zlCJ3wEMR2Ec
1100951,perf_login_000954,eyJhbGciOiJIUzI1NiIsInR5cCI6IkpXVCJ9.eyJhY2Nlc3NfdG9rZW5fZmllbGQiOjExMDA5NTEsImV4cCI6MTc3OTE5MjQ0NCwib3JpZ19pYXQiOjE3NzkxMDYwNDR9.ObXMFE1LydM3W_oo0cy1sc27Fmk2nAcuo4ueWdmvpeg
1100952,perf_login_000955,eyJhbGciOiJIUzI1NiIsInR5cCI6IkpXVCJ9.eyJhY2Nlc3NfdG9rZW5fZmllbGQiOjExMDA5NTIsImV4cCI6MTc3OTE5MjQ0NCwib3JpZ19pYXQiOjE3NzkxMDYwNDR9.z5ODWI_63otflmeaLCrbLP0-Q_y8wkozZC0JX0AEJ24
1100949,perf_login_000952,eyJhbGciOiJIUzI1NiIsInR5cCI6IkpXVCJ9.eyJhY2Nlc3NfdG9rZW5fZmllbGQiOjExMDA5NDksImV4cCI6MTc3OTE5MjQ0NCwib3JpZ19pYXQiOjE3NzkxMDYwNDR9.p4Zk6GULUWOFShXg3IjtwyQZra_Ek7yZAr7QROGd3iE
1100948,perf_login_000951,eyJhbGciOiJIUzI1NiIsInR5cCI6IkpXVCJ9.eyJhY2Nlc3NfdG9rZW5fZmllbGQiOjExMDA5NDgsImV4cCI6MTc3OTE5MjQ0NCwib3JpZ19pYXQiOjE3NzkxMDYwNDR9.PjZ-zFZxVrvOS08afh2TF39xUX64SP0icGgk2SM2n5I
1100947,perf_login_000950,eyJhbGciOiJIUzI1NiIsInR5cCI6IkpXVCJ9.eyJhY2Nlc3NfdG9rZW5fZmllbGQiOjExMDA5NDcsImV4cCI6MTc3OTE5MjQ0NCwib3JpZ19pYXQiOjE3NzkxMDYwNDR9.yquQTt9VCxb0USEfREo_tIL6OszIY4VUYk_lr-yHsJ8
1100954,perf_login_000957,eyJhbGciOiJIUzI1NiIsInR5cCI6IkpXVCJ9.eyJhY2Nlc3NfdG9rZW5fZmllbGQiOjExMDA5NTQsImV4cCI6MTc3OTE5MjQ0NCwib3JpZ19pYXQiOjE3NzkxMDYwNDR9.753MAZi45Y44mvLI8b8GeCgVhomUbPuCt7qixImpDxw
1100953,perf_login_000956,eyJhbGciOiJIUzI1NiIsInR5cCI6IkpXVCJ9.eyJhY2Nlc3NfdG9rZW5fZmllbGQiOjExMDA5NTMsImV4cCI6MTc3OTE5MjQ0NCwib3JpZ19pYXQiOjE3NzkxMDYwNDR9.Ryi_lhSMi1xc-OfSHUXtV2jO-_xAZtjlzesxgDjAHwU
1100959,perf_login_000962,eyJhbGciOiJIUzI1NiIsInR5cCI6IkpXVCJ9.eyJhY2Nlc3NfdG9rZW5fZmllbGQiOjExMDA5NTksImV4cCI6MTc3OTE5MjQ0NCwib3JpZ19pYXQiOjE3NzkxMDYwNDR9.w6mOzZN05QBWPEtCRmmsO5XNCHDe-t1XHgR5dHVSeJg
1100960,perf_login_000963,eyJhbGciOiJIUzI1NiIsInR5cCI6IkpXVCJ9.eyJhY2Nlc3NfdG9rZW5fZmllbGQiOjExMDA5NjAsImV4cCI6MTc3OTE5MjQ0NCwib3JpZ19pYXQiOjE3NzkxMDYwNDR9.qGPHXxbgGQmdK1EOzVy-ux6XSE0mTPvbk5j7eRFB12Y
1100956,perf_login_000959,eyJhbGciOiJIUzI1NiIsInR5cCI6IkpXVCJ9.eyJhY2Nlc3NfdG9rZW5fZmllbGQiOjExMDA5NTYsImV4cCI6MTc3OTE5MjQ0NCwib3JpZ19pYXQiOjE3NzkxMDYwNDR9.3xDKMUOfh_aUBD7h1fEAxNZZ4rcnUZPeJ72gnzATgn0
1100958,perf_login_000961,eyJhbGciOiJIUzI1NiIsInR5cCI6IkpXVCJ9.eyJhY2Nlc3NfdG9rZW5fZmllbGQiOjExMDA5NTgsImV4cCI6MTc3OTE5MjQ0NCwib3JpZ19pYXQiOjE3NzkxMDYwNDR9.JNOlgpPjeQuDlwxDP1faz8KoiC3SEITe300z_QrYSmQ
1100957,perf_login_000960,eyJhbGciOiJIUzI1NiIsInR5cCI6IkpXVCJ9.eyJhY2Nlc3NfdG9rZW5fZmllbGQiOjExMDA5NTcsImV4cCI6MTc3OTE5MjQ0NCwib3JpZ19pYXQiOjE3NzkxMDYwNDR9.3tG3UTx2_dhWoXFJurQAxo4KwlArVpDZ3Kjmd0qhVoE
1100955,perf_login_000958,eyJhbGciOiJIUzI1NiIsInR5cCI6IkpXVCJ9.eyJhY2Nlc3NfdG9rZW5fZmllbGQiOjExMDA5NTUsImV4cCI6MTc3OTE5MjQ0NCwib3JpZ19pYXQiOjE3NzkxMDYwNDR9.E4cZfylkBpIXY5Tikt754uoEY1Zjv9lFy9sBN8q5oDo
1100961,perf_login_000964,eyJhbGciOiJIUzI1NiIsInR5cCI6IkpXVCJ9.eyJhY2Nlc3NfdG9rZW5fZmllbGQiOjExMDA5NjEsImV4cCI6MTc3OTE5MjQ0NCwib3JpZ19pYXQiOjE3NzkxMDYwNDR9.TA83MgNYPN8hDUq_DeuLTY72iyRXOtzeA993SjUKNNw
1100962,perf_login_000965,eyJhbGciOiJIUzI1NiIsInR5cCI6IkpXVCJ9.eyJhY2Nlc3NfdG9rZW5fZmllbGQiOjExMDA5NjIsImV4cCI6MTc3OTE5MjQ0NCwib3JpZ19pYXQiOjE3NzkxMDYwNDR9.5iIcUkFJhWJd_dPHie6GlBJcY4xVzrpJQ7AecDyuobo
1100968,perf_login_000971,eyJhbGciOiJIUzI1NiIsInR5cCI6IkpXVCJ9.eyJhY2Nlc3NfdG9rZW5fZmllbGQiOjExMDA5NjgsImV4cCI6MTc3OTE5MjQ0NCwib3JpZ19pYXQiOjE3NzkxMDYwNDR9.zv7xkeoCpbZZ4UDvtPl1vrMLjbt0Ni8STS8zXpPpk1g
1100966,perf_login_000969,eyJhbGciOiJIUzI1NiIsInR5cCI6IkpXVCJ9.eyJhY2Nlc3NfdG9rZW5fZmllbGQiOjExMDA5NjYsImV4cCI6MTc3OTE5MjQ0NSwib3JpZ19pYXQiOjE3NzkxMDYwNDV9.rcKNaQOjeCniYYSq3ldFRBklNK2295tNHMSfcfzqZ6U
1100963,perf_login_000966,eyJhbGciOiJIUzI1NiIsInR5cCI6IkpXVCJ9.eyJhY2Nlc3NfdG9rZW5fZmllbGQiOjExMDA5NjMsImV4cCI6MTc3OTE5MjQ0NSwib3JpZ19pYXQiOjE3NzkxMDYwNDV9.b0JUwCnoGxoKMqVSCO0RPVk5uU5lwr8fSfW9v63UXVc
1100964,perf_login_000967,eyJhbGciOiJIUzI1NiIsInR5cCI6IkpXVCJ9.eyJhY2Nlc3NfdG9rZW5fZmllbGQiOjExMDA5NjQsImV4cCI6MTc3OTE5MjQ0NSwib3JpZ19pYXQiOjE3NzkxMDYwNDV9.PMrVWJYJ_RoaQR4fFVbiIuOVRx31viNW3PJrNgOcmdE
1100965,perf_login_000968,eyJhbGciOiJIUzI1NiIsInR5cCI6IkpXVCJ9.eyJhY2Nlc3NfdG9rZW5fZmllbGQiOjExMDA5NjUsImV4cCI6MTc3OTE5MjQ0NSwib3JpZ19pYXQiOjE3NzkxMDYwNDV9.9BHw7AzcGRJEzmI_9Gu6CAOFb2uo5JHz9sx8ovpinnE
1100967,perf_login_000970,eyJhbGciOiJIUzI1NiIsInR5cCI6IkpXVCJ9.eyJhY2Nlc3NfdG9rZW5fZmllbGQiOjExMDA5NjcsImV4cCI6MTc3OTE5MjQ0NSwib3JpZ19pYXQiOjE3NzkxMDYwNDV9.YljnACU58uO1n4r7NqRjV11V8iE6njDxWUajhCZZr5A
1100970,perf_login_000973,eyJhbGciOiJIUzI1NiIsInR5cCI6IkpXVCJ9.eyJhY2Nlc3NfdG9rZW5fZmllbGQiOjExMDA5NzAsImV4cCI6MTc3OTE5MjQ0NSwib3JpZ19pYXQiOjE3NzkxMDYwNDV9.lmMiwiZYvi6d7vE10EdydjW4EjLvluWi2TZYpDecrE0
1100969,perf_login_000972,eyJhbGciOiJIUzI1NiIsInR5cCI6IkpXVCJ9.eyJhY2Nlc3NfdG9rZW5fZmllbGQiOjExMDA5NjksImV4cCI6MTc3OTE5MjQ0NSwib3JpZ19pYXQiOjE3NzkxMDYwNDV9.MbpOhD2zYLsH2A1hqU7ydEtvLmY_FSJlm4FVtMUNnnU
1100977,perf_login_000980,eyJhbGciOiJIUzI1NiIsInR5cCI6IkpXVCJ9.eyJhY2Nlc3NfdG9rZW5fZmllbGQiOjExMDA5NzcsImV4cCI6MTc3OTE5MjQ0NSwib3JpZ19pYXQiOjE3NzkxMDYwNDV9.Pc1h2gi6CeFuoG7RmiV-aZvmOtmkwYl7QRKLLd1yoaw
1100976,perf_login_000979,eyJhbGciOiJIUzI1NiIsInR5cCI6IkpXVCJ9.eyJhY2Nlc3NfdG9rZW5fZmllbGQiOjExMDA5NzYsImV4cCI6MTc3OTE5MjQ0NSwib3JpZ19pYXQiOjE3NzkxMDYwNDV9.E7vvMwc9SbNnhPN4geMzeyOqY6VK4BmvAcGPPubIF9o
1100978,perf_login_000981,eyJhbGciOiJIUzI1NiIsInR5cCI6IkpXVCJ9.eyJhY2Nlc3NfdG9rZW5fZmllbGQiOjExMDA5NzgsImV4cCI6MTc3OTE5MjQ0NSwib3JpZ19pYXQiOjE3NzkxMDYwNDV9.H7tkxu4Yye1CrY8AYYc4CGjRE7WHMwXjFRk1JY63mcU
1100971,perf_login_000974,eyJhbGciOiJIUzI1NiIsInR5cCI6IkpXVCJ9.eyJhY2Nlc3NfdG9rZW5fZmllbGQiOjExMDA5NzEsImV4cCI6MTc3OTE5MjQ0NSwib3JpZ19pYXQiOjE3NzkxMDYwNDV9.KZffixI3idnvspui1X_fFQ6ljnUECUm7D69rK7_WlWo
1100973,perf_login_000976,eyJhbGciOiJIUzI1NiIsInR5cCI6IkpXVCJ9.eyJhY2Nlc3NfdG9rZW5fZmllbGQiOjExMDA5NzMsImV4cCI6MTc3OTE5MjQ0NSwib3JpZ19pYXQiOjE3NzkxMDYwNDV9.Dj1NsdV6jMGRRq8Sifb0uM19CIAQlNEhOyMKyCxEUbA
1100975,perf_login_000978,eyJhbGciOiJIUzI1NiIsInR5cCI6IkpXVCJ9.eyJhY2Nlc3NfdG9rZW5fZmllbGQiOjExMDA5NzUsImV4cCI6MTc3OTE5MjQ0NSwib3JpZ19pYXQiOjE3NzkxMDYwNDV9.n8h7r35uh6qWtgiFdy4L4-ZFC3KC11RiKrLvBI_UNdI
1100974,perf_login_000977,eyJhbGciOiJIUzI1NiIsInR5cCI6IkpXVCJ9.eyJhY2Nlc3NfdG9rZW5fZmllbGQiOjExMDA5NzQsImV4cCI6MTc3OTE5MjQ0NSwib3JpZ19pYXQiOjE3NzkxMDYwNDV9.eyp-Ns6e3jshIOT2NKhzcHx3IgjykuXUo-R2BHStqWk
1100972,perf_login_000975,eyJhbGciOiJIUzI1NiIsInR5cCI6IkpXVCJ9.eyJhY2Nlc3NfdG9rZW5fZmllbGQiOjExMDA5NzIsImV4cCI6MTc3OTE5MjQ0NSwib3JpZ19pYXQiOjE3NzkxMDYwNDV9.R59X5dv3Nx-bQhh4NmJP0zNSksMPYkMkKrSWHiRyTWQ
1100979,perf_login_000982,eyJhbGciOiJIUzI1NiIsInR5cCI6IkpXVCJ9.eyJhY2Nlc3NfdG9rZW5fZmllbGQiOjExMDA5NzksImV4cCI6MTc3OTE5MjQ0NSwib3JpZ19pYXQiOjE3NzkxMDYwNDV9.jNIKNSm-ptc9wszjVPjcXTxMM_6xU9jBWkkvxs60cnE
1100981,perf_login_000984,eyJhbGciOiJIUzI1NiIsInR5cCI6IkpXVCJ9.eyJhY2Nlc3NfdG9rZW5fZmllbGQiOjExMDA5ODEsImV4cCI6MTc3OTE5MjQ0NSwib3JpZ19pYXQiOjE3NzkxMDYwNDV9.E2K4D2CS05kUJxob-velEMGA0BM9ARrllzoVtjvLiAk
1100980,perf_login_000983,eyJhbGciOiJIUzI1NiIsInR5cCI6IkpXVCJ9.eyJhY2Nlc3NfdG9rZW5fZmllbGQiOjExMDA5ODAsImV4cCI6MTc3OTE5MjQ0NSwib3JpZ19pYXQiOjE3NzkxMDYwNDV9.SYyptniR9I1Q4XBP4UrvRzU4I1UJNoDssPWgUYqa6uc
1100982,perf_login_000986,eyJhbGciOiJIUzI1NiIsInR5cCI6IkpXVCJ9.eyJhY2Nlc3NfdG9rZW5fZmllbGQiOjExMDA5ODIsImV4cCI6MTc3OTE5MjQ0NSwib3JpZ19pYXQiOjE3NzkxMDYwNDV9.mN0Kj0ocpRutmpoZrDidOezNr7XDdQKFq7JVbE05X94
1100983,perf_login_000985,eyJhbGciOiJIUzI1NiIsInR5cCI6IkpXVCJ9.eyJhY2Nlc3NfdG9rZW5fZmllbGQiOjExMDA5ODMsImV4cCI6MTc3OTE5MjQ0NSwib3JpZ19pYXQiOjE3NzkxMDYwNDV9.ScLw77-ErdjEozse1_zydXS70LDIxDKpxQrJ5Ld2Er8
1100985,perf_login_000988,eyJhbGciOiJIUzI1NiIsInR5cCI6IkpXVCJ9.eyJhY2Nlc3NfdG9rZW5fZmllbGQiOjExMDA5ODUsImV4cCI6MTc3OTE5MjQ0NSwib3JpZ19pYXQiOjE3NzkxMDYwNDV9.G1jnbRWHOZ98rGQLiu6w58EGSWqZAjXRT7tWzAAE3YQ
1100984,perf_login_000987,eyJhbGciOiJIUzI1NiIsInR5cCI6IkpXVCJ9.eyJhY2Nlc3NfdG9rZW5fZmllbGQiOjExMDA5ODQsImV4cCI6MTc3OTE5MjQ0NSwib3JpZ19pYXQiOjE3NzkxMDYwNDV9.McdKznruZShPg2mqK-MN5bcGMPGM8yBI9wlh9gidEEY
1100986,perf_login_000989,eyJhbGciOiJIUzI1NiIsInR5cCI6IkpXVCJ9.eyJhY2Nlc3NfdG9rZW5fZmllbGQiOjExMDA5ODYsImV4cCI6MTc3OTE5MjQ0NSwib3JpZ19pYXQiOjE3NzkxMDYwNDV9.lzNtA36NsQzihFm1KoXlfSxndOQugBkroMu6xA7n6Uo
1100990,perf_login_000993,eyJhbGciOiJIUzI1NiIsInR5cCI6IkpXVCJ9.eyJhY2Nlc3NfdG9rZW5fZmllbGQiOjExMDA5OTAsImV4cCI6MTc3OTE5MjQ0NSwib3JpZ19pYXQiOjE3NzkxMDYwNDV9.a_s-FJfRJvt_CXl306tjNgph20heuT6mhDpurnO-JHU
1100988,perf_login_000990,eyJhbGciOiJIUzI1NiIsInR5cCI6IkpXVCJ9.eyJhY2Nlc3NfdG9rZW5fZmllbGQiOjExMDA5ODgsImV4cCI6MTc3OTE5MjQ0NSwib3JpZ19pYXQiOjE3NzkxMDYwNDV9.VqmPzL2kjzFfcm5bxI3aVUokAMW7iGle7o6NtOPer-I
1100991,perf_login_000994,eyJhbGciOiJIUzI1NiIsInR5cCI6IkpXVCJ9.eyJhY2Nlc3NfdG9rZW5fZmllbGQiOjExMDA5OTEsImV4cCI6MTc3OTE5MjQ0NSwib3JpZ19pYXQiOjE3NzkxMDYwNDV9.YPedK02cRzXi73YcJV4IuJTA0YNR8e6vsVqnAMgJ97o
1100993,perf_login_000996,eyJhbGciOiJIUzI1NiIsInR5cCI6IkpXVCJ9.eyJhY2Nlc3NfdG9rZW5fZmllbGQiOjExMDA5OTMsImV4cCI6MTc3OTE5MjQ0NSwib3JpZ19pYXQiOjE3NzkxMDYwNDV9.e1YG681PgAuY7-i_bAv4-rsY9qxFmS_15ioGD9R33z0
1100992,perf_login_000995,eyJhbGciOiJIUzI1NiIsInR5cCI6IkpXVCJ9.eyJhY2Nlc3NfdG9rZW5fZmllbGQiOjExMDA5OTIsImV4cCI6MTc3OTE5MjQ0NSwib3JpZ19pYXQiOjE3NzkxMDYwNDV9.pwhZfO-BEswFkzINM3Pkycq8JlFezdhUhhi0OyrR-QM
1100989,perf_login_000991,eyJhbGciOiJIUzI1NiIsInR5cCI6IkpXVCJ9.eyJhY2Nlc3NfdG9rZW5fZmllbGQiOjExMDA5ODksImV4cCI6MTc3OTE5MjQ0NSwib3JpZ19pYXQiOjE3NzkxMDYwNDV9.uuIc5wA4Y1csdCE73lXnYQqeynQfbhiPuGe6ahXIhjs
1100987,perf_login_000992,eyJhbGciOiJIUzI1NiIsInR5cCI6IkpXVCJ9.eyJhY2Nlc3NfdG9rZW5fZmllbGQiOjExMDA5ODcsImV4cCI6MTc3OTE5MjQ0NSwib3JpZ19pYXQiOjE3NzkxMDYwNDV9.s3cugbqS6D-FR2gnXAfJN6R8-WuapN913tvmF9X8LN0
1100994,perf_login_000997,eyJhbGciOiJIUzI1NiIsInR5cCI6IkpXVCJ9.eyJhY2Nlc3NfdG9rZW5fZmllbGQiOjExMDA5OTQsImV4cCI6MTc3OTE5MjQ0NSwib3JpZ19pYXQiOjE3NzkxMDYwNDV9.frXoG7inkdyX1c40f0YgtsQZ4nrTTj2t7bo0YcImxTk
1100996,perf_login_000999,eyJhbGciOiJIUzI1NiIsInR5cCI6IkpXVCJ9.eyJhY2Nlc3NfdG9rZW5fZmllbGQiOjExMDA5OTYsImV4cCI6MTc3OTE5MjQ0NSwib3JpZ19pYXQiOjE3NzkxMDYwNDV9.XgMASW5G4dhECISCzn_rcsxgD3Wlhevr7Zq1rqy7qKE
1100995,perf_login_000998,eyJhbGciOiJIUzI1NiIsInR5cCI6IkpXVCJ9.eyJhY2Nlc3NfdG9rZW5fZmllbGQiOjExMDA5OTUsImV4cCI6MTc3OTE5MjQ0NSwib3JpZ19pYXQiOjE3NzkxMDYwNDV9.A59m6QZjSryJKa32WbHWL9tavM0J9ZnUar5mvMeluDs
